DCC_freq,I_com,R_in,tau_M,data,ripple_amp,relDCCfreq,ripple_amp_AU
1.0,1,1.5,2.0,"[   0.            4.99722325    9.98889711 ... 1262.24750153 1260.84578318
 1259.44562143] uV",0.49769903 mV,2.0,0.4976990328768539
1.0,5,1.5,2.0,[0.         0.02498612 0.04994449 ... 6.31123751 6.30422892 6.29722811] mV,2.48849516 mV,2.0,2.48849516438436
1.0,10,1.5,2.0,"[ 0.          0.04997223  0.09988897 ... 12.62247502 12.60845783
 12.59445621] mV",4.97699033 mV,2.0,4.97699032876872
1.0,1,1.5,3.0,"[   0.            3.33209907    6.66173083 ... 1339.72606149 1338.73403928
 1337.74275162] uV",0.33265136 mV,3.0,0.332651360369378
1.0,5,1.5,3.0,[0.         0.0166605  0.03330865 ... 6.69863031 6.6936702  6.68871376] mV,1.6632568 mV,3.0,1.6632568018466214
1.0,10,1.5,3.0,"[ 0.          0.03332099  0.06661731 ... 13.39726061 13.38734039
 13.37742752] mV",3.3265136 mV,3.0,3.326513603693243
1.0,1,1.5,4.0,"[   0.            2.49930568    4.99722325 ... 1379.16913011 1378.40313783
 1377.63757099] uV",249.76753125 uV,4.0,0.24976753124835618
1.0,5,1.5,4.0,[0.         0.01249653 0.02498612 ... 6.89584565 6.89201569 6.88818785] mV,1.24883766 mV,4.0,1.2488376562416132
1.0,10,1.5,4.0,"[ 0.          0.02499306  0.04997223 ... 13.7916913  13.78403138
 13.77637571] mV",2.49767531 mV,4.0,2.4976753124832265
1.0,1,1.5,5.0,"[   0.            1.99955562    3.99822275 ... 1402.98967334 1402.36626092
 1401.74312551] uV",200.24935228 uV,5.0,0.2002493522808284
1.0,5,1.5,5.0,[0.         0.00999778 0.01999111 ... 7.01494837 7.0118313  7.00871563] mV,1.00124676 mV,5.0,1.0012467614041236
1.0,10,1.5,5.0,"[ 0.          0.01999556  0.03998223 ... 14.02989673 14.02366261
 14.01743126] mV",2.00249352 mV,5.0,2.002493522808247
1.0,1,2.5,2.0,"[   0.            8.32870542   16.64816186 ... 2103.74583588 2101.40963863
 2099.07603572] uV",0.82949839 mV,2.0,0.8294983881281539
1.0,5,2.5,2.0,"[ 0.          0.04164353  0.08324081 ... 10.51872918 10.50704819
 10.49538018] mV",4.14749194 mV,2.0,4.147491940640506
1.0,10,2.5,2.0,"[ 0.          0.08328705  0.16648162 ... 21.03745836 21.01409639
 20.99076036] mV",8.29498388 mV,2.0,8.294983881281013
1.0,1,2.5,3.0,"[   0.            5.55349845   11.10288472 ... 2232.87676915 2231.2233988
 2229.57125271] uV",0.55441893 mV,3.0,0.5544189339488766
1.0,5,2.5,3.0,"[ 0.          0.02776749  0.05551442 ... 11.16438385 11.15611699
 11.14785626] mV",2.77209467 mV,3.0,2.7720946697447277
1.0,10,2.5,3.0,"[ 0.          0.05553498  0.11102885 ... 22.32876769 22.31223399
 22.29571253] mV",5.54418934 mV,3.0,5.5441893394894555
1.0,1,2.5,4.0,"[   0.            4.16550947    8.32870542 ... 2298.61521685 2297.33856306
 2296.06261832] uV",0.41627922 mV,4.0,0.4162792187472029
1.0,5,2.5,4.0,"[ 0.          0.02082755  0.04164353 ... 11.49307608 11.48669282
 11.48031309] mV",2.08139609 mV,4.0,2.0813960937357354
1.0,10,2.5,4.0,"[ 0.          0.04165509  0.08328705 ... 22.98615217 22.97338563
 22.96062618] mV",4.16279219 mV,4.0,4.162792187471471
1.0,1,2.5,5.0,"[   0.            3.3325927     6.66370458 ... 2338.31612223 2337.27710153
 2336.23854251] uV",0.33374892 mV,5.0,0.333748920468046
1.0,5,2.5,5.0,"[ 0.          0.01666296  0.03331852 ... 11.69158061 11.68638551
 11.68119271] mV",1.6687446 mV,5.0,1.6687446023402313
1.0,10,2.5,5.0,"[ 0.          0.03332593  0.06663705 ... 23.38316122 23.37277102
 23.36238543] mV",3.3374892 mV,5.0,3.3374892046804625
1.0,1,5.0,2.0,[0.         0.01665741 0.03329632 ... 4.20749167 4.20281928 4.19815207] mV,1.65899678 mV,2.0,1.6589967762563078
1.0,5,5.0,2.0,"[ 0.          0.08328705  0.16648162 ... 21.03745836 21.01409639
 20.99076036] mV",8.29498388 mV,2.0,8.294983881281013
1.0,10,5.0,2.0,"[ 0.          0.16657411  0.33296324 ... 42.07491672 42.02819277
 41.98152071] mV",16.58996776 mV,2.0,16.589967762562026
1.0,1,5.0,3.0,[0.         0.011107   0.02220577 ... 4.46575354 4.4624468  4.45914251] mV,1.10883787 mV,3.0,1.1088378678977533
1.0,5,5.0,3.0,"[ 0.          0.05553498  0.11102885 ... 22.32876769 22.31223399
 22.29571253] mV",5.54418934 mV,3.0,5.5441893394894555
1.0,10,5.0,3.0,"[ 0.          0.11106997  0.22205769 ... 44.65753538 44.62446798
 44.59142505] mV",11.08837868 mV,3.0,11.088378678978911
1.0,1,5.0,4.0,[0.         0.00833102 0.01665741 ... 4.59723043 4.59467713 4.59212524] mV,0.83255844 mV,4.0,0.8325584374944058
1.0,5,5.0,4.0,"[ 0.          0.04165509  0.08328705 ... 22.98615217 22.97338563
 22.96062618] mV",4.16279219 mV,4.0,4.162792187471471
1.0,10,5.0,4.0,"[ 0.          0.08331019  0.16657411 ... 45.97230434 45.94677126
 45.92125237] mV",8.32558437 mV,4.0,8.325584374942942
1.0,1,5.0,5.0,[0.         0.00666519 0.01332741 ... 4.67663224 4.6745542  4.67247709] mV,0.66749784 mV,5.0,0.667497840936092
1.0,5,5.0,5.0,"[ 0.          0.03332593  0.06663705 ... 23.38316122 23.37277102
 23.36238543] mV",3.3374892 mV,5.0,3.3374892046804625
1.0,10,5.0,5.0,"[ 0.          0.06665185  0.13327409 ... 46.76632244 46.74554203
 46.72477085] mV",6.67497841 mV,5.0,6.674978409360925
2.0,1,1.5,2.0,"[   0.            4.99722325    9.98889711 ... 1381.47481016 1379.9406906
 1378.40827466] uV",249.71108565 uV,4.0,0.2497110856508637
2.0,5,1.5,2.0,[0.         0.02498612 0.04994449 ... 6.90737405 6.89970345 6.89204137] mV,1.24855543 mV,4.0,1.24855542825436
2.0,10,1.5,2.0,"[ 0.          0.04997223  0.09988897 ... 13.8147481  13.79940691
 13.78408275] mV",2.49711086 mV,4.0,2.49711085650872
2.0,1,1.5,3.0,"[   0.            3.33209907    6.66173083 ... 1420.63389212 1419.58196037
 1418.53080754] uV",166.5831943 uV,6.0,0.16658319430095822
2.0,5,1.5,3.0,[0.         0.0166605  0.03330865 ... 7.10316946 7.0979098  7.09265404] mV,0.83291597 mV,6.0,0.8329159715046685
2.0,10,1.5,3.0,"[ 0.          0.03332099  0.06661731 ... 14.20633892 14.1958196
 14.18530808] mV",1.66583194 mV,6.0,1.665831943009337
2.0,1,1.5,4.0,"[   0.            2.49930568    4.99722325 ... 1440.34513427 1439.54516477
 1438.74563956] uV",125.02330309 uV,8.0,0.1250233030895202
2.0,5,1.5,4.0,[0.         0.01249653 0.02498612 ... 7.20172567 7.19772582 7.1937282 ] mV,0.62511652 mV,8.0,0.6251165154474835
2.0,10,1.5,4.0,"[ 0.          0.02499306  0.04997223 ... 14.40345134 14.39545165
 14.3874564 ] mV",1.25023303 mV,8.0,1.250233030894967
2.0,1,1.5,5.0,"[   0.            1.99955562    3.99822275 ... 1452.15603255 1451.51077327
 1450.86580071] uV",100.39762093 uV,10.0,0.10039762093409918
2.0,5,1.5,5.0,[0.         0.00999778 0.01999111 ... 7.26078016 7.25755387 7.254329  ] mV,0.5019881 mV,10.0,0.5019881046704807
2.0,10,1.5,5.0,"[ 0.          0.01999556  0.03998223 ... 14.52156033 14.51510773
 14.50865801] mV",1.00397621 mV,10.0,1.0039762093409614
2.0,1,2.5,2.0,"[   0.            8.32870542   16.64816186 ... 2302.45801694 2299.901151
 2297.34712444] uV",0.41618514 mV,4.0,0.41618514275146595
2.0,5,2.5,2.0,"[ 0.          0.04164353  0.08324081 ... 11.51229008 11.49950575
 11.48673562] mV",2.08092571 mV,4.0,2.080925713757214
2.0,10,2.5,2.0,"[ 0.          0.08328705  0.16648162 ... 23.02458017 22.99901151
 22.97347124] mV",4.16185143 mV,4.0,4.161851427514428
2.0,1,2.5,3.0,"[   0.            5.55349845   11.10288472 ... 2367.72315353 2365.96993395
 2364.21801257] uV",277.63865717 uV,6.0,0.2776386571682206
2.0,5,2.5,3.0,"[ 0.          0.02776749  0.05551442 ... 11.83861577 11.82984967
 11.82109006] mV",1.38819329 mV,6.0,1.38819328584131
2.0,10,2.5,3.0,"[ 0.          0.05553498  0.11102885 ... 23.67723154 23.65969934
 23.64218013] mV",2.77638657 mV,6.0,2.77638657168262
2.0,1,2.5,4.0,"[   0.            4.16550947    8.32870542 ... 2400.57522379 2399.24194128
 2397.90939927] uV",208.37217182 uV,8.0,0.20837217181582465
2.0,5,2.5,4.0,"[ 0.          0.02082755  0.04164353 ... 12.00287612 11.99620971
 11.989547  ] mV",1.04186086 mV,8.0,1.0418608590789715
2.0,10,2.5,4.0,"[ 0.          0.04165509  0.08328705 ... 24.00575224 23.99241941
 23.97909399] mV",2.08372172 mV,8.0,2.083721718157943
2.0,1,2.5,5.0,"[   0.            3.3325927     6.66370458 ... 2420.26005426 2419.18462212
 2418.10966785] uV",167.32936822 uV,10.0,0.16732936822349284
2.0,5,2.5,5.0,"[ 0.          0.01666296  0.03331852 ... 12.10130027 12.09592311
 12.09054834] mV",0.83664684 mV,10.0,0.836646841117495
2.0,10,2.5,5.0,"[ 0.          0.03332593  0.06663705 ... 24.20260054 24.19184622
 24.18109668] mV",1.67329368 mV,10.0,1.67329368223499
2.0,1,5.0,2.0,[0.         0.01665741 0.03329632 ... 4.60491603 4.5998023  4.59469425] mV,0.83237029 mV,4.0,0.8323702855029319
2.0,5,5.0,2.0,"[ 0.          0.08328705  0.16648162 ... 23.02458017 22.99901151
 22.97347124] mV",4.16185143 mV,4.0,4.161851427514428
2.0,10,5.0,2.0,"[ 0.          0.16657411  0.33296324 ... 46.04916034 45.99802302
 45.94694249] mV",8.32370286 mV,4.0,8.323702855028856
2.0,1,5.0,3.0,[0.         0.011107   0.02220577 ... 4.73544631 4.73193987 4.72843603] mV,0.55527731 mV,6.0,0.5552773143364412
2.0,5,5.0,3.0,"[ 0.          0.05553498  0.11102885 ... 23.67723154 23.65969934
 23.64218013] mV",2.77638657 mV,6.0,2.77638657168262
2.0,10,5.0,3.0,"[ 0.          0.11106997  0.22205769 ... 47.35446307 47.31939868
 47.28436025] mV",5.55277314 mV,6.0,5.55277314336524
2.0,1,5.0,4.0,[0.         0.00833102 0.01665741 ... 4.80115045 4.79848388 4.7958188 ] mV,0.41674434 mV,8.0,0.4167443436316493
2.0,5,5.0,4.0,"[ 0.          0.04165509  0.08328705 ... 24.00575224 23.99241941
 23.97909399] mV",2.08372172 mV,8.0,2.083721718157943
2.0,10,5.0,4.0,"[ 0.          0.08331019  0.16657411 ... 48.01150448 47.98483883
 47.95818799] mV",4.16744344 mV,8.0,4.167443436315886
2.0,1,5.0,5.0,[0.         0.00666519 0.01332741 ... 4.84052011 4.83836924 4.83621934] mV,0.33465874 mV,10.0,0.3346587364469857
2.0,5,5.0,5.0,"[ 0.          0.03332593  0.06663705 ... 24.20260054 24.19184622
 24.18109668] mV",1.67329368 mV,10.0,1.67329368223499
2.0,10,5.0,5.0,"[ 0.          0.06665185  0.13327409 ... 48.40520109 48.38369244
 48.36219336] mV",3.34658736 mV,10.0,3.34658736446998
3.0,1,1.5,2.0,"[   0.            4.99722325    9.98889711 ... 1422.21333363 1420.63397418
 1419.0563686 ] uV",166.58099298 uV,6.0,0.16658099297677562
3.0,5,1.5,2.0,[0.         0.02498612 0.04994449 ... 7.11106667 7.10316987 7.09528184] mV,0.83290496 mV,6.0,0.8329049648839
3.0,10,1.5,2.0,"[ 0.          0.04997223  0.09988897 ... 14.22213334 14.20633974
 14.19056369] mV",1.66580993 mV,6.0,1.6658099297678
3.0,1,1.5,3.0,"[   0.            3.33209907    6.66173083 ... 1448.01411291 1446.94190703
 1445.87049508] uV",111.08796613 uV,9.0,0.11108796612523618
3.0,5,1.5,3.0,[0.         0.0166605  0.03330865 ... 7.24007056 7.23470954 7.22935248] mV,0.55543983 mV,9.0,0.5554398306260891
3.0,10,1.5,3.0,"[ 0.          0.03332099  0.06661731 ... 14.48014113 14.46941907
 14.45870495] mV",1.11087966 mV,9.0,1.1108796612521783
3.0,1,1.5,4.0,"[   0.            2.49930568    4.99722325 ... 1460.95902312 1460.14760463
 1459.33663681] uV",83.38308966 uV,12.0,0.08338308966381958
3.0,5,1.5,4.0,[0.         0.01249653 0.02498612 ... 7.30479512 7.30073802 7.29668318] mV,0.41691545 mV,12.0,0.41691544831904453
3.0,10,1.5,4.0,"[ 0.          0.02499306  0.04997223 ... 14.60959023 14.60147605
 14.59336637] mV",0.8338309 mV,12.0,0.8338308966380891
3.0,1,1.5,5.0,"[   0.            1.99955562    3.99822275 ... 1468.68319846 1468.03059541
 1467.37828234] uV",67.08361576 uV,15.0,0.06708361576441722
3.0,5,1.5,5.0,[0.         0.00999778 0.01999111 ... 7.34341599 7.34015298 7.33689141] mV,0.33541808 mV,15.0,0.33541807882209435
3.0,10,1.5,5.0,"[ 0.          0.01999556  0.03998223 ... 14.68683198 14.68030595
 14.67378282] mV",0.67083616 mV,15.0,0.6708361576441887
3.0,1,2.5,2.0,"[   0.            8.32870542   16.64816186 ... 2370.35555606 2367.7232903
 2365.09394766] uV",277.63498829 uV,6.0,0.27763498829464067
3.0,5,2.5,2.0,"[ 0.          0.04164353  0.08324081 ... 11.85177778 11.83861645
 11.82546974] mV",1.38817494 mV,6.0,1.3881749414731432
3.0,10,2.5,2.0,"[ 0.          0.08328705  0.16648162 ... 23.70355556 23.6772329
 23.65093948] mV",2.77634988 mV,6.0,2.7763498829462865
3.0,1,2.5,3.0,"[   0.            5.55349845   11.10288472 ... 2413.35685486 2411.56984505
 2409.78415846] uV",185.14661021 uV,9.0,0.18514661020870232
3.0,5,2.5,3.0,"[ 0.          0.02776749  0.05551442 ... 12.06678427 12.05784923
 12.04892079] mV",0.92573305 mV,9.0,0.9257330510436396
3.0,10,2.5,3.0,"[ 0.          0.05553498  0.11102885 ... 24.13356855 24.11569845
 24.09784158] mV",1.8514661 mV,9.0,1.8514661020872791
3.0,1,2.5,4.0,"[   0.            4.16550947    8.32870542 ... 2434.93170519 2433.57934105
 2432.22772801] uV",138.97181611 uV,12.0,0.13897181610634254
3.0,5,2.5,4.0,"[ 0.          0.02082755  0.04164353 ... 12.17465853 12.16789671
 12.16113864] mV",0.69485908 mV,12.0,0.6948590805316273
3.0,10,2.5,4.0,"[ 0.          0.04165509  0.08328705 ... 24.34931705 24.33579341
 24.32227728] mV",1.38971816 mV,12.0,1.3897181610632545
3.0,1,2.5,5.0,"[   0.            3.3325927     6.66370458 ... 2447.80533077 2446.71765902
 2445.63047056] uV",111.80602627 uV,15.0,0.1118060262740258
3.0,5,2.5,5.0,"[ 0.          0.01666296  0.03331852 ... 12.23902665 12.2335883
 12.22815235] mV",0.55903013 mV,15.0,0.5590301313701668
3.0,10,2.5,5.0,"[ 0.          0.03332593  0.06663705 ... 24.47805331 24.46717659
 24.45630471] mV",1.11806026 mV,15.0,1.1180602627403335
3.0,1,5.0,2.0,[0.         0.01665741 0.03329632 ... 4.74071111 4.73544658 4.7301879 ] mV,0.55526998 mV,6.0,0.5552699765892813
3.0,5,5.0,2.0,"[ 0.          0.08328705  0.16648162 ... 23.70355556 23.6772329
 23.65093948] mV",2.77634988 mV,6.0,2.7763498829462865
3.0,10,5.0,2.0,"[ 0.          0.16657411  0.33296324 ... 47.40711112 47.35446581
 47.30187895] mV",5.55269977 mV,6.0,5.552699765892573
3.0,1,5.0,3.0,[0.         0.011107   0.02220577 ... 4.82671371 4.82313969 4.81956832] mV,0.37029322 mV,9.0,0.37029322041740464
3.0,5,5.0,3.0,"[ 0.          0.05553498  0.11102885 ... 24.13356855 24.11569845
 24.09784158] mV",1.8514661 mV,9.0,1.8514661020872791
3.0,10,5.0,3.0,"[ 0.          0.11106997  0.22205769 ... 48.2671371  48.2313969
 48.19568317] mV",3.7029322 mV,9.0,3.7029322041745583
3.0,1,5.0,4.0,[0.         0.00833102 0.01665741 ... 4.86986341 4.86715868 4.86445546] mV,277.94363221 uV,12.0,0.2779436322126851
3.0,5,5.0,4.0,"[ 0.          0.04165509  0.08328705 ... 24.34931705 24.33579341
 24.32227728] mV",1.38971816 mV,12.0,1.3897181610632545
3.0,10,5.0,4.0,"[ 0.          0.08331019  0.16657411 ... 48.6986341  48.67158682
 48.64455456] mV",2.77943632 mV,12.0,2.779436322126509
3.0,1,5.0,5.0,[0.         0.00666519 0.01332741 ... 4.89561066 4.89343532 4.89126094] mV,223.61205255 uV,15.0,0.2236120525480516
3.0,5,5.0,5.0,"[ 0.          0.03332593  0.06663705 ... 24.47805331 24.46717659
 24.45630471] mV",1.11806026 mV,15.0,1.1180602627403335
3.0,10,5.0,5.0,"[ 0.          0.06665185  0.13327409 ... 48.95610662 48.93435318
 48.91260941] mV",2.23612053 mV,15.0,2.236120525480667
4.0,1,1.5,2.0,"[   0.            4.99722325    9.98889711 ... 1449.06957012 1447.46038698
 1445.85299083] uV",123.84857645 uV,8.0,0.12384857645069573
4.0,5,1.5,2.0,[0.         0.02498612 0.04994449 ... 7.24534785 7.23730193 7.22926495] mV,0.61924288 mV,8.0,0.6192428822534941
4.0,10,1.5,2.0,"[ 0.          0.04997223  0.09988897 ... 14.4906957  14.47460387
 14.45852991] mV",1.23848576 mV,8.0,1.2384857645069882
4.0,1,1.5,3.0,"[   0.            3.33209907    6.66173083 ... 1461.66214474 1460.57983295
 1459.49832257] uV",82.58100681 uV,12.0,0.08258100680839583
4.0,5,1.5,3.0,[0.         0.0166605  0.03330865 ... 7.30831072 7.30289916 7.29749161] mV,0.41290503 mV,12.0,0.41290503404191586
4.0,10,1.5,3.0,"[ 0.          0.03332099  0.06661731 ... 14.61662145 14.60579833
 14.59498323] mV",0.82581007 mV,12.0,0.8258100680838317
4.0,1,1.5,4.0,"[   0.            2.49930568    4.99722325 ... 1467.92381242 1467.10852568
 1466.29369175] uV",61.99685164 uV,16.0,0.06199685164133789
4.0,5,1.5,4.0,[0.         0.01249653 0.02498612 ... 7.33961906 7.33554263 7.33146846] mV,309.98425821 uV,16.0,0.30998425820665065
4.0,10,1.5,4.0,"[ 0.          0.02499306  0.04997223 ... 14.67923812 14.67108526
 14.66293692] mV",0.61996852 mV,16.0,0.6199685164133013
4.0,1,1.5,5.0,"[   0.            1.99955562    3.99822275 ... 1471.61333454 1470.95942949
 1470.30581501] uV",49.96654099 uV,20.0,0.049966540989775356
4.0,5,1.5,5.0,[0.         0.00999778 0.01999111 ... 7.35806667 7.35479715 7.35152908] mV,249.83270495 uV,20.0,0.24983270494888415
4.0,10,1.5,5.0,"[ 0.          0.01999556  0.03998223 ... 14.71613335 14.70959429
 14.70305815] mV",0.49966541 mV,20.0,0.4996654098977683
4.0,1,2.5,2.0,"[   0.            8.32870542   16.64816186 ... 2415.11595021 2412.4339783
 2409.75498471] uV",206.41429408 uV,8.0,0.20641429408449746
4.0,5,2.5,2.0,"[ 0.          0.04164353  0.08324081 ... 12.07557975 12.06216989
 12.04877492] mV",1.03207147 mV,8.0,1.0320714704224743
4.0,10,2.5,2.0,"[ 0.          0.08328705  0.16648162 ... 24.1511595  24.12433978
 24.09754985] mV",2.06414294 mV,8.0,2.0641429408449485
4.0,1,2.5,3.0,"[   0.            5.55349845   11.10288472 ... 2436.10357457 2434.29972158
 2432.49720429] uV",137.63501135 uV,12.0,0.1376350113473086
4.0,5,2.5,3.0,"[ 0.          0.02776749  0.05551442 ... 12.18051787 12.17149861
 12.16248602] mV",0.68817506 mV,12.0,0.6881750567365834
4.0,10,2.5,3.0,"[ 0.          0.05553498  0.11102885 ... 24.36103575 24.34299722
 24.32497204] mV",1.37635011 mV,12.0,1.3763501134731668
4.0,1,2.5,4.0,"[   0.            4.16550947    8.32870542 ... 2446.53968737 2445.18087614
 2443.82281959] uV",103.32808607 uV,16.0,0.10332808606887574
4.0,5,2.5,4.0,"[ 0.          0.02082755  0.04164353 ... 12.23269844 12.22590438
 12.2191141 ] mV",0.51664043 mV,16.0,0.5166404303442972
4.0,10,2.5,4.0,"[ 0.          0.04165509  0.08328705 ... 24.46539687 24.45180876
 24.4382282 ] mV",1.03328086 mV,16.0,1.0332808606885944
4.0,1,2.5,5.0,"[   0.            3.3325927     6.66370458 ... 2452.6888909  2451.59904916
 2450.50969168] uV",83.27756832 uV,20.0,0.08327756831629732
4.0,5,2.5,5.0,"[ 0.          0.01666296  0.03331852 ... 12.26344445 12.25799525
 12.25254846] mV",0.41638784 mV,20.0,0.41638784158148573
4.0,10,2.5,5.0,"[ 0.          0.03332593  0.06663705 ... 24.52688891 24.51599049
 24.50509692] mV",0.83277568 mV,20.0,0.8327756831629715
4.0,1,5.0,2.0,[0.         0.01665741 0.03329632 ... 4.8302319  4.82486796 4.81950997] mV,0.41282859 mV,8.0,0.4128285881689949
4.0,5,5.0,2.0,"[ 0.          0.08328705  0.16648162 ... 24.1511595  24.12433978
 24.09754985] mV",2.06414294 mV,8.0,2.0641429408449485
4.0,10,5.0,2.0,"[ 0.          0.16657411  0.33296324 ... 48.302319   48.24867957
 48.19509969] mV",4.12828588 mV,8.0,4.128285881689897
4.0,1,5.0,3.0,[0.         0.011107   0.02220577 ... 4.87220715 4.86859944 4.86499441] mV,275.27002269 uV,12.0,0.2752700226946172
4.0,5,5.0,3.0,"[ 0.          0.05553498  0.11102885 ... 24.36103575 24.34299722
 24.32497204] mV",1.37635011 mV,12.0,1.3763501134731668
4.0,10,5.0,3.0,"[ 0.          0.11106997  0.22205769 ... 48.72207149 48.68599443
 48.64994409] mV",2.75270023 mV,12.0,2.7527002269463337
4.0,1,5.0,4.0,[0.         0.00833102 0.01665741 ... 4.89307937 4.89036175 4.88764564] mV,206.65617214 uV,16.0,0.20665617213775148
4.0,5,5.0,4.0,"[ 0.          0.04165509  0.08328705 ... 24.46539687 24.45180876
 24.4382282 ] mV",1.03328086 mV,16.0,1.0332808606885944
4.0,10,5.0,4.0,"[ 0.          0.08331019  0.16657411 ... 48.93079375 48.90361752
 48.87645639] mV",2.06656172 mV,16.0,2.0665617213771887
4.0,1,5.0,5.0,[0.         0.00666519 0.01332741 ... 4.90537778 4.9031981  4.90101938] mV,166.55513663 uV,20.0,0.16655513663259464
4.0,5,5.0,5.0,"[ 0.          0.03332593  0.06663705 ... 24.52688891 24.51599049
 24.50509692] mV",0.83277568 mV,20.0,0.8327756831629715
4.0,10,5.0,5.0,"[ 0.          0.06665185  0.13327409 ... 49.05377782 49.03198098
 49.01019383] mV",1.66555137 mV,20.0,1.665551366325943
5.0,1,1.5,2.0,"[   0.            4.99722325    9.98889711 ... 1405.83949523 1404.27831883
 1402.71887611] uV",98.25989878 uV,10.0,0.09825989877587822
5.0,5,1.5,2.0,[0.         0.02498612 0.04994449 ... 7.02919748 7.02139159 7.01359438] mV,0.49129949 mV,10.0,0.49129949387940064
5.0,10,1.5,2.0,"[ 0.          0.04997223  0.09988897 ... 14.05839495 14.04278319
 14.02718876] mV",0.98259899 mV,10.0,0.9825989877588013
5.0,1,1.5,3.0,"[   0.            3.33209907    6.66173083 ... 1420.52593121 1419.47407941
 1418.42300646] uV",65.51542938 uV,15.0,0.06551542937717264
5.0,5,1.5,3.0,[0.         0.0166605  0.03330865 ... 7.10262966 7.0973704  7.09211503] mV,0.32757715 mV,15.0,0.3275771468858003
5.0,10,1.5,3.0,"[ 0.          0.03332099  0.06661731 ... 14.20525931 14.19474079
 14.18423006] mV",0.65515429 mV,15.0,0.6551542937716006
5.0,1,1.5,4.0,"[   0.            2.49930568    4.99722325 ... 1427.87696723 1427.08392256
 1426.29131835] uV",49.19587558 uV,20.0,0.049195875580502556
5.0,5,1.5,4.0,[0.         0.01249653 0.02498612 ... 7.13938484 7.13541961 7.13145659] mV,245.9793779 uV,20.0,0.24597937790247354
5.0,10,1.5,4.0,"[ 0.          0.02499306  0.04997223 ... 14.27876967 14.27083923
 14.26291318] mV",0.49195876 mV,20.0,0.4919587558049471
5.0,1,1.5,5.0,"[   0.            1.99955562    3.99822275 ... 1432.23504018 1431.59863271
 1430.96250802] uV",39.72308502 uV,25.0,0.03972308502011982
5.0,5,1.5,5.0,[0.         0.00999778 0.01999111 ... 7.1611752  7.15799316 7.15481254] mV,198.6154251 uV,25.0,0.19861542510057026
5.0,10,1.5,5.0,"[ 0.          0.01999556  0.03998223 ... 14.3223504  14.31598633
 14.30962508] mV",0.39723085 mV,25.0,0.3972308502011405
5.0,1,2.5,2.0,"[   0.            8.32870542   16.64816186 ... 2343.06582539 2340.46386472
 2337.86479351] uV",163.76649796 uV,10.0,0.16376649795980194
5.0,5,2.5,2.0,"[ 0.          0.04164353  0.08324081 ... 11.71532913 11.70231932
 11.68932397] mV",0.81883249 mV,10.0,0.8188324897990071
5.0,10,2.5,2.0,"[ 0.          0.08328705  0.16648162 ... 23.43065825 23.40463865
 23.37864794] mV",1.63766498 mV,10.0,1.6376649795980143
5.0,1,2.5,3.0,"[   0.            5.55349845   11.10288472 ... 2367.54321869 2365.79013234
 2364.0383441 ] uV",109.1923823 uV,15.0,0.10919238229526676
5.0,5,2.5,3.0,"[ 0.          0.02776749  0.05551442 ... 11.83771609 11.82895066
 11.82019172] mV",0.54596191 mV,15.0,0.545961911476392
5.0,10,2.5,3.0,"[ 0.          0.05553498  0.11102885 ... 23.67543219 23.65790132
 23.64038344] mV",1.09192382 mV,15.0,1.091923822952784
5.0,1,2.5,4.0,"[   0.            4.16550947    8.32870542 ... 2379.79494538 2378.47320427
 2377.15219724] uV",81.99312597 uV,20.0,0.08199312596748973
5.0,5,2.5,4.0,"[ 0.          0.02082755  0.04164353 ... 11.89897473 11.89236602
 11.88576099] mV",0.40996563 mV,20.0,0.4099656298374131
5.0,10,2.5,4.0,"[ 0.          0.04165509  0.08328705 ... 23.79794945 23.78473204
 23.77152197] mV",0.81993126 mV,20.0,0.8199312596748262
5.0,1,2.5,5.0,"[   0.            3.3325927     6.66370458 ... 2387.0584003  2385.99772118
 2384.93751337] uV",66.2051417 uV,25.0,0.06620514170019429
5.0,5,2.5,5.0,"[ 0.          0.01666296  0.03331852 ... 11.935292   11.92998861
 11.92468757] mV",0.33102571 mV,25.0,0.33102570850095797
5.0,10,2.5,5.0,"[ 0.          0.03332593  0.06663705 ... 23.870584   23.85997721
 23.84937513] mV",0.66205142 mV,25.0,0.6620514170019159
5.0,1,5.0,2.0,[0.         0.01665741 0.03329632 ... 4.68613165 4.68092773 4.67572959] mV,0.327533 mV,10.0,0.3275329959196039
5.0,5,5.0,2.0,"[ 0.          0.08328705  0.16648162 ... 23.43065825 23.40463865
 23.37864794] mV",1.63766498 mV,10.0,1.6376649795980143
5.0,10,5.0,2.0,"[ 0.          0.16657411  0.33296324 ... 46.86131651 46.80927729
 46.75729587] mV",3.27532996 mV,10.0,3.2753299591960285
5.0,1,5.0,3.0,[0.         0.011107   0.02220577 ... 4.73508644 4.73158026 4.72807669] mV,218.38476459 uV,15.0,0.21838476459053352
5.0,5,5.0,3.0,"[ 0.          0.05553498  0.11102885 ... 23.67543219 23.65790132
 23.64038344] mV",1.09192382 mV,15.0,1.091923822952784
5.0,10,5.0,3.0,"[ 0.          0.11106997  0.22205769 ... 47.35086437 47.31580265
 47.28076688] mV",2.18384765 mV,15.0,2.183847645905568
5.0,1,5.0,4.0,[0.         0.00833102 0.01665741 ... 4.75958989 4.75694641 4.75430439] mV,163.98625193 uV,20.0,0.16398625193497945
5.0,5,5.0,4.0,"[ 0.          0.04165509  0.08328705 ... 23.79794945 23.78473204
 23.77152197] mV",0.81993126 mV,20.0,0.8199312596748262
5.0,10,5.0,4.0,"[ 0.          0.08331019  0.16657411 ... 47.59589891 47.56946409
 47.54304394] mV",1.63986252 mV,20.0,1.6398625193496523
5.0,1,5.0,5.0,[0.         0.00666519 0.01332741 ... 4.7741168  4.77199544 4.76987503] mV,132.4102834 uV,25.0,0.13241028340038857
5.0,5,5.0,5.0,"[ 0.          0.03332593  0.06663705 ... 23.870584   23.85997721
 23.84937513] mV",0.66205142 mV,25.0,0.6620514170019159
5.0,10,5.0,5.0,"[ 0.          0.06665185  0.13327409 ... 47.74116801 47.71995442
 47.69875027] mV",1.32410283 mV,25.0,1.3241028340038319
6.0,1,1.5,2.0,"[   0.            4.99722325    9.98889711 ... 1463.40143863 1461.77634003
 1460.15304609] uV",83.32262137 uV,12.0,0.08332262137424896
6.0,5,1.5,2.0,[0.         0.02498612 0.04994449 ... 7.31700719 7.3088817  7.30076523] mV,0.41661311 mV,12.0,0.4166131068712572
6.0,10,1.5,2.0,"[ 0.          0.04997223  0.09988897 ... 14.63401439 14.6177634
 14.60153046] mV",0.83322621 mV,12.0,0.8332262137425144
6.0,1,1.5,3.0,"[   0.            3.33209907    6.66173083 ... 1475.58488804 1474.49226692
 1473.40045485] uV",55.55467673 uV,18.0,0.05555467673430377
6.0,5,1.5,3.0,[0.         0.0166605  0.03330865 ... 7.37792444 7.37246133 7.36700227] mV,277.77338367 uV,18.0,0.2777733836714681
6.0,10,1.5,3.0,"[ 0.          0.03332099  0.06661731 ... 14.75584888 14.74492267
 14.73400455] mV",0.55554677 mV,18.0,0.5555467673429362
6.0,1,1.5,4.0,"[   0.            2.49930568    4.99722325 ... 1481.67745257 1480.85452704
 1480.03205857] uV",41.72681562 uV,24.0,0.041726815617674266
6.0,5,1.5,4.0,[0.         0.01249653 0.02498612 ... 7.40838726 7.40427264 7.40016029] mV,208.63407809 uV,24.0,0.20863407808835097
6.0,10,1.5,4.0,"[ 0.          0.02499306  0.04997223 ... 14.81677453 14.80854527
 14.80032059] mV",0.41726816 mV,24.0,0.41726815617670193
6.0,1,1.5,5.0,"[   0.            1.99955562    3.99822275 ... 1485.27624352 1484.61626742
 1483.95658458] uV",33.7614029 uV,30.0,0.03376140290141903
6.0,5,1.5,5.0,[0.         0.00999778 0.01999111 ... 7.42638122 7.42308134 7.41978292] mV,168.80701451 uV,30.0,0.16880701450708563
6.0,10,1.5,5.0,"[ 0.          0.01999556  0.03998223 ... 14.85276244 14.84616267
 14.83956585] mV",0.33761403 mV,30.0,0.33761402901417126
6.0,1,2.5,2.0,"[   0.            8.32870542   16.64816186 ... 2439.00239771 2436.29390005
 2433.58841016] uV",138.87103562 uV,12.0,0.13887103562376266
6.0,5,2.5,2.0,"[ 0.          0.04164353  0.08324081 ... 12.19501199 12.1814695
 12.16794205] mV",0.69435518 mV,12.0,0.6943551781186975
6.0,10,2.5,2.0,"[ 0.          0.08328705  0.16648162 ... 24.39002398 24.362939
 24.3358841 ] mV",1.38871036 mV,12.0,1.388710356237395
6.0,1,2.5,3.0,"[   0.            5.55349845   11.10288472 ... 2459.30814674 2457.48711154
 2455.66742476] uV",92.59112789 uV,18.0,0.09259112789048807
6.0,5,2.5,3.0,"[ 0.          0.02776749  0.05551442 ... 12.29654073 12.28743556
 12.27833712] mV",0.46295564 mV,18.0,0.46295563945246593
6.0,10,2.5,3.0,"[ 0.          0.05553498  0.11102885 ... 24.59308147 24.57487112
 24.55667425] mV",0.92591128 mV,18.0,0.9259112789049319
6.0,1,2.5,4.0,"[   0.            4.16550947    8.32870542 ... 2469.46242095 2468.09087841
 2466.72009762] uV",69.5446927 uV,24.0,0.0695446926961183
6.0,5,2.5,4.0,"[ 0.          0.02082755  0.04164353 ... 12.3473121  12.34045439
 12.33360049] mV",0.34772346 mV,24.0,0.3477234634805086
6.0,10,2.5,4.0,"[ 0.          0.04165509  0.08328705 ... 24.69462421 24.68090878
 24.66720098] mV",0.69544693 mV,24.0,0.6954469269610172
6.0,1,2.5,5.0,"[   0.            3.3325927     6.66370458 ... 2475.46040587 2474.3604457
 2473.26097429] uV",56.26900484 uV,30.0,0.056269004835696794
6.0,5,2.5,5.0,"[ 0.          0.01666296  0.03331852 ... 12.37730203 12.37180223
 12.36630487] mV",281.34502418 uV,30.0,0.2813450241784844
6.0,10,2.5,5.0,"[ 0.          0.03332593  0.06663705 ... 24.75460406 24.74360446
 24.73260974] mV",0.56269005 mV,30.0,0.5626900483569688
6.0,1,5.0,2.0,[0.         0.01665741 0.03329632 ... 4.8780048  4.8725878  4.86717682] mV,277.74207125 uV,12.0,0.2777420712475253
6.0,5,5.0,2.0,"[ 0.          0.08328705  0.16648162 ... 24.39002398 24.362939
 24.3358841 ] mV",1.38871036 mV,12.0,1.388710356237395
6.0,10,5.0,2.0,"[ 0.          0.16657411  0.33296324 ... 48.78004795 48.725878
 48.6717682 ] mV",2.77742071 mV,12.0,2.77742071247479
6.0,1,5.0,3.0,[0.         0.011107   0.02220577 ... 4.91861629 4.91497422 4.91133485] mV,185.18225578 uV,18.0,0.18518225578097613
6.0,5,5.0,3.0,"[ 0.          0.05553498  0.11102885 ... 24.59308147 24.57487112
 24.55667425] mV",0.92591128 mV,18.0,0.9259112789049319
6.0,10,5.0,3.0,"[ 0.          0.11106997  0.22205769 ... 49.18616293 49.14974223
 49.1133485 ] mV",1.85182256 mV,18.0,1.8518225578098637
6.0,1,5.0,4.0,[0.         0.00833102 0.01665741 ... 4.93892484 4.93618176 4.9334402 ] mV,139.08938539 uV,24.0,0.1390893853922366
6.0,5,5.0,4.0,"[ 0.          0.04165509  0.08328705 ... 24.69462421 24.68090878
 24.66720098] mV",0.69544693 mV,24.0,0.6954469269610172
6.0,10,5.0,4.0,"[ 0.          0.08331019  0.16657411 ... 49.38924842 49.36181757
 49.33440195] mV",1.39089385 mV,24.0,1.3908938539220344
6.0,1,5.0,5.0,[0.         0.00666519 0.01332741 ... 4.95092081 4.94872089 4.94652195] mV,112.53800967 uV,30.0,0.11253800967139359
6.0,5,5.0,5.0,"[ 0.          0.03332593  0.06663705 ... 24.75460406 24.74360446
 24.73260974] mV",0.56269005 mV,30.0,0.5626900483569688
6.0,10,5.0,5.0,"[ 0.          0.06665185  0.13327409 ... 49.50920812 49.48720891
 49.46521949] mV",1.1253801 mV,30.0,1.1253800967139376
7.0,1,1.5,2.0,"[   0.            4.99722325    9.98889711 ... 1491.95046534 1490.29366321
 1488.63870096] uV",70.5403247 uV,14.0,0.07054032470038811
7.0,5,1.5,2.0,[0.         0.02498612 0.04994449 ... 7.45975233 7.45146832 7.4431935 ] mV,0.35270162 mV,14.0,0.35270162350194667
7.0,10,1.5,2.0,"[ 0.          0.04997223  0.09988897 ... 14.91950465 14.90293663
 14.88638701] mV",0.70540325 mV,14.0,0.7054032470038933
7.0,1,1.5,3.0,"[   0.            3.33209907    6.66173083 ... 1486.86543836 1485.76446438
 1484.66430562] uV",47.03149456 uV,21.0,0.0470314945625566
7.0,5,1.5,3.0,[0.         0.0166605  0.03330865 ... 7.43432719 7.42882232 7.42332153] mV,235.15747281 uV,21.0,0.23515747281275048
7.0,10,1.5,3.0,"[ 0.          0.03332099  0.06661731 ... 14.86865438 14.85764464
 14.84664306] mV",0.47031495 mV,21.0,0.47031494562550097
7.0,1,1.5,4.0,"[   0.            2.49930568    4.99722325 ... 1484.30085507 1483.4764725
 1482.6525478 ] uV",35.33162955 uV,28.0,0.03533162955101526
7.0,5,1.5,4.0,[0.         0.01249653 0.02498612 ... 7.42150428 7.41738236 7.41326274] mV,176.65814776 uV,28.0,0.17665814775504052
7.0,10,1.5,4.0,"[ 0.          0.02499306  0.04997223 ... 14.84300855 14.83476473
 14.82652548] mV",0.3533163 mV,28.0,0.35331629551008104
7.0,1,1.5,5.0,"[   0.            1.99955562    3.99822275 ... 1482.69896475 1482.04013385
 1481.3815957 ] uV",28.63174085 uV,35.0,0.028631740853529663
7.0,5,1.5,5.0,[0.         0.00999778 0.01999111 ... 7.41349482 7.41020067 7.40690798] mV,143.15870427 uV,35.0,0.14315870426761731
7.0,10,1.5,5.0,"[ 0.          0.01999556  0.03998223 ... 14.82698965 14.82040134
 14.81381596] mV",286.31740854 uV,35.0,0.28631740853523463
7.0,1,2.5,2.0,"[   0.            8.32870542   16.64816186 ... 2486.58410889 2483.82277202
 2481.0645016 ] uV",117.56720783 uV,14.0,0.11756720783398597
7.0,5,2.5,2.0,"[ 0.          0.04164353  0.08324081 ... 12.43292054 12.41911386
 12.40532251] mV",0.58783604 mV,14.0,0.5878360391699134
7.0,10,2.5,2.0,"[ 0.          0.08328705  0.16648162 ... 24.86584109 24.83822772
 24.81064502] mV",1.17567208 mV,14.0,1.175672078339827
7.0,1,2.5,3.0,"[   0.            5.55349845   11.10288472 ... 2478.10906394 2476.27410729
 2474.44050937] uV",78.38582427 uV,21.0,0.07838582427092435
7.0,5,2.5,3.0,"[ 0.          0.02776749  0.05551442 ... 12.39054532 12.38137054
 12.37220255] mV",0.39192912 mV,21.0,0.3919291213546026
7.0,10,2.5,3.0,"[ 0.          0.05553498  0.11102885 ... 24.78109064 24.76274107
 24.74440509] mV",0.78385824 mV,21.0,0.7838582427092052
7.0,1,2.5,4.0,"[   0.            4.16550947    8.32870542 ... 2473.83475846 2472.46078751
 2471.08757966] uV",58.88604925 uV,28.0,0.05888604925169058
7.0,5,2.5,4.0,"[ 0.          0.02082755  0.04164353 ... 12.36917379 12.36230394
 12.3554379 ] mV",294.43024626 uV,28.0,0.2944302462583887
7.0,10,2.5,4.0,"[ 0.          0.04165509  0.08328705 ... 24.73834758 24.72460788
 24.7108758 ] mV",0.58886049 mV,28.0,0.5888604925167774
7.0,1,2.5,5.0,"[   0.            3.3325927     6.66370458 ... 2471.16494125 2470.06688975
 2468.96932617] uV",47.71956809 uV,35.0,0.04771956808922268
7.0,5,2.5,5.0,"[ 0.          0.01666296  0.03331852 ... 12.35582471 12.35033445
 12.34484663] mV",238.59784045 uV,35.0,0.2385978404460861
7.0,10,2.5,5.0,"[ 0.          0.03332593  0.06663705 ... 24.71164941 24.7006689
 24.68969326] mV",0.47719568 mV,35.0,0.4771956808921722
7.0,1,5.0,2.0,[0.         0.01665741 0.03329632 ... 4.97316822 4.96764554 4.962129  ] mV,235.13441567 uV,14.0,0.23513441566797194
7.0,5,5.0,2.0,"[ 0.          0.08328705  0.16648162 ... 24.86584109 24.83822772
 24.81064502] mV",1.17567208 mV,14.0,1.175672078339827
7.0,10,5.0,2.0,"[ 0.          0.16657411  0.33296324 ... 49.73168218 49.67645544
 49.62129003] mV",2.35134416 mV,14.0,2.351344156679654
7.0,1,5.0,3.0,[0.         0.011107   0.02220577 ... 4.95621813 4.95254821 4.94888102] mV,156.77164854 uV,21.0,0.1567716485418487
7.0,5,5.0,3.0,"[ 0.          0.05553498  0.11102885 ... 24.78109064 24.76274107
 24.74440509] mV",0.78385824 mV,21.0,0.7838582427092052
7.0,10,5.0,3.0,"[ 0.          0.11106997  0.22205769 ... 49.56218128 49.52548215
 49.48881019] mV",1.56771649 mV,21.0,1.5677164854184105
7.0,1,5.0,4.0,[0.         0.00833102 0.01665741 ... 4.94766952 4.94492158 4.94217516] mV,117.7720985 uV,28.0,0.11777209850338116
7.0,5,5.0,4.0,"[ 0.          0.04165509  0.08328705 ... 24.73834758 24.72460788
 24.7108758 ] mV",0.58886049 mV,28.0,0.5888604925167774
7.0,10,5.0,4.0,"[ 0.          0.08331019  0.16657411 ... 49.47669517 49.44921575
 49.42175159] mV",1.17772099 mV,28.0,1.1777209850335548
7.0,1,5.0,5.0,[0.         0.00666519 0.01332741 ... 4.94232988 4.94013378 4.93793865] mV,95.43913618 uV,35.0,0.09543913617844536
7.0,5,5.0,5.0,"[ 0.          0.03332593  0.06663705 ... 24.71164941 24.7006689
 24.68969326] mV",0.47719568 mV,35.0,0.4771956808921722
7.0,10,5.0,5.0,"[ 0.          0.06665185  0.13327409 ... 49.42329883 49.4013378
 49.37938652] mV",0.95439136 mV,35.0,0.9543913617843444
8.0,1,1.5,2.0,"[   0.            4.99722325    9.98889711 ... 1439.80598867 1438.20709268
 1436.60997225] uV",61.06713415 uV,16.0,0.061067134147044316
8.0,5,1.5,2.0,[0.         0.02498612 0.04994449 ... 7.19902994 7.19103546 7.18304986] mV,305.33567074 uV,16.0,0.3053356707352116
8.0,10,1.5,2.0,"[ 0.          0.04997223  0.09988897 ... 14.39805989 14.38207093
 14.36609972] mV",0.61067134 mV,16.0,0.6106713414704232
8.0,1,1.5,3.0,"[   0.            3.33209907    6.66173083 ... 1442.05640765 1440.98861324
 1439.92160951] uV",40.71518404 uV,24.0,0.04071518403553375
8.0,5,1.5,3.0,[0.         0.0166605  0.03330865 ... 7.21028204 7.20494307 7.19960805] mV,203.57592018 uV,24.0,0.2035759201776434
8.0,10,1.5,3.0,"[ 0.          0.03332099  0.06661731 ... 14.42056408 14.40988613
 14.3992161 ] mV",0.40715184 mV,24.0,0.4071518403552868
8.0,1,1.5,4.0,"[   0.            2.49930568    4.99722325 ... 1443.16032302 1442.35878996
 1441.55770206] uV",30.59359692 uV,32.0,0.03059359692255889
8.0,5,1.5,4.0,[0.         0.01249653 0.02498612 ... 7.21580162 7.21179395 7.20778851] mV,152.96798461 uV,32.0,0.1529679846127936
8.0,10,1.5,4.0,"[ 0.          0.02499306  0.04997223 ... 14.43160323 14.4235879
 14.41557702] mV",305.93596923 uV,32.0,0.3059359692255872
8.0,1,1.5,5.0,"[   0.            1.99955562    3.99822275 ... 1443.76081013 1443.11928123
 1442.4780374 ] uV",24.83676262 uV,40.0,0.024836762617676124
8.0,5,1.5,5.0,[0.         0.00999778 0.01999111 ... 7.21880405 7.21559641 7.21239019] mV,124.18381309 uV,40.0,0.12418381308840122
8.0,10,1.5,5.0,"[ 0.          0.01999556  0.03998223 ... 14.4376081  14.43119281
 14.42478037] mV",248.36762618 uV,40.0,0.24836762617680244
8.0,1,2.5,2.0,"[   0.            8.32870542   16.64816186 ... 2399.67664779 2397.01182113
 2394.34995375] uV",101.77855691 uV,16.0,0.1017785569117414
8.0,5,2.5,2.0,"[ 0.          0.04164353  0.08324081 ... 11.99838324 11.98505911
 11.97174977] mV",0.50889278 mV,16.0,0.5088927845586632
8.0,10,2.5,2.0,"[ 0.          0.08328705  0.16648162 ... 23.99676648 23.97011821
 23.94349954] mV",1.01778557 mV,16.0,1.0177855691173263
8.0,1,2.5,3.0,"[   0.            5.55349845   11.10288472 ... 2403.42734608 2401.64768874
 2399.86934918] uV",67.85864006 uV,24.0,0.06785864005921273
8.0,5,2.5,3.0,"[ 0.          0.02776749  0.05551442 ... 12.01713673 12.00823844
 11.99934675] mV",0.3392932 mV,24.0,0.3392932002961122
8.0,10,2.5,3.0,"[ 0.          0.05553498  0.11102885 ... 24.03427346 24.01647689
 23.99869349] mV",0.6785864 mV,24.0,0.6785864005922244
8.0,1,2.5,4.0,"[   0.            4.16550947    8.32870542 ... 2405.26720504 2403.9313166
 2402.59617011] uV",50.9893282 uV,32.0,0.05098932820425672
8.0,5,2.5,4.0,"[ 0.          0.02082755  0.04164353 ... 12.02633603 12.01965658
 12.01298085] mV",254.94664102 uV,32.0,0.25494664102121767
8.0,10,2.5,4.0,"[ 0.          0.04165509  0.08328705 ... 24.05267205 24.03931317
 24.0259617 ] mV",0.50989328 mV,32.0,0.5098932820424353
8.0,1,2.5,5.0,"[   0.            3.3325927     6.66370458 ... 2406.26801689 2405.19880206
 2404.13006233] uV",41.39460436 uV,40.0,0.04139460436280084
8.0,5,2.5,5.0,"[ 0.          0.01666296  0.03331852 ... 12.03134008 12.02599401
 12.02065031] mV",206.97302181 uV,40.0,0.20697302181400984
8.0,10,2.5,5.0,"[ 0.          0.03332593  0.06663705 ... 24.06268017 24.05198802
 24.04130062] mV",0.41394604 mV,40.0,0.4139460436280197
8.0,1,5.0,2.0,[0.         0.01665741 0.03329632 ... 4.7993533  4.79402364 4.78869991] mV,203.55711382 uV,16.0,0.2035571138234828
8.0,5,5.0,2.0,"[ 0.          0.08328705  0.16648162 ... 23.99676648 23.97011821
 23.94349954] mV",1.01778557 mV,16.0,1.0177855691173263
8.0,10,5.0,2.0,"[ 0.          0.16657411  0.33296324 ... 47.99353296 47.94023642
 47.88699908] mV",2.03557114 mV,16.0,2.0355711382346526
8.0,1,5.0,3.0,[0.         0.011107   0.02220577 ... 4.80685469 4.80329538 4.7997387 ] mV,135.71728012 uV,24.0,0.13571728011842546
8.0,5,5.0,3.0,"[ 0.          0.05553498  0.11102885 ... 24.03427346 24.01647689
 23.99869349] mV",0.6785864 mV,24.0,0.6785864005922244
8.0,10,5.0,3.0,"[ 0.          0.11106997  0.22205769 ... 48.06854692 48.03295377
 47.99738698] mV",1.3571728 mV,24.0,1.3571728011844488
8.0,1,5.0,4.0,[0.         0.00833102 0.01665741 ... 4.81053441 4.80786263 4.80519234] mV,101.97865641 uV,32.0,0.10197865640851345
8.0,5,5.0,4.0,"[ 0.          0.04165509  0.08328705 ... 24.05267205 24.03931317
 24.0259617 ] mV",0.50989328 mV,32.0,0.5098932820424353
8.0,10,5.0,4.0,"[ 0.          0.08331019  0.16657411 ... 48.1053441  48.07862633
 48.0519234 ] mV",1.01978656 mV,32.0,1.0197865640848707
8.0,1,5.0,5.0,[0.         0.00666519 0.01332741 ... 4.81253603 4.8103976  4.80826012] mV,82.78920873 uV,40.0,0.08278920872560168
8.0,5,5.0,5.0,"[ 0.          0.03332593  0.06663705 ... 24.06268017 24.05198802
 24.04130062] mV",0.41394604 mV,40.0,0.4139460436280197
8.0,10,5.0,5.0,"[ 0.          0.06665185  0.13327409 ... 48.12536034 48.10397604
 48.08260125] mV",0.82789209 mV,40.0,0.8278920872560394
9.0,1,1.5,2.0,"[   0.            4.99722325    9.98889711 ... 1417.60967986 1416.03543274
 1414.46293381] uV",54.39695851 uV,18.0,0.05439695850751073
9.0,5,1.5,2.0,[0.         0.02498612 0.04994449 ... 7.0880484  7.08017716 7.07231467] mV,271.98479254 uV,18.0,0.27198479253758795
9.0,10,1.5,2.0,"[ 0.          0.04997223  0.09988897 ... 14.1760968  14.16035433
 14.14462934] mV",0.54396959 mV,18.0,0.5439695850751759
9.0,1,1.5,3.0,"[   0.            3.33209907    6.66173083 ... 1425.07063788 1424.01542087
 1422.96098521] uV",36.26798326 uV,27.0,0.036267983256985145
9.0,5,1.5,3.0,[0.         0.0166605  0.03330865 ... 7.12535319 7.1200771  7.11480493] mV,181.33991628 uV,27.0,0.18133991628492377
9.0,10,1.5,3.0,"[ 0.          0.03332099  0.06661731 ... 14.25070638 14.24015421
 14.22960985] mV",0.36267983 mV,27.0,0.36267983256984754
9.0,1,1.5,4.0,"[   0.            2.49930568    4.99722325 ... 1428.79688549 1428.0033299
 1427.21021504] uV",27.25896178 uV,36.0,0.027258961781579997
9.0,5,1.5,4.0,[0.         0.01249653 0.02498612 ... 7.14398443 7.14001665 7.13605108] mV,136.29480891 uV,36.0,0.13629480890789067
9.0,10,1.5,4.0,"[ 0.          0.02499306  0.04997223 ... 14.28796885 14.2800333
 14.27210215] mV",272.58961782 uV,36.0,0.27258961781578134
9.0,1,1.5,5.0,"[   0.            1.99955562    3.99822275 ... 1430.97641843 1430.34057022
 1429.70500455] uV",22.17335589 uV,45.0,0.022173355892904888
9.0,5,1.5,5.0,[0.         0.00999778 0.01999111 ... 7.15488209 7.15170285 7.14852502] mV,110.86677946 uV,45.0,0.11086677946453657
9.0,10,1.5,5.0,"[ 0.          0.01999556  0.03998223 ... 14.30976418 14.3034057
 14.29705005] mV",221.73355893 uV,45.0,0.22173355892907315
9.0,1,2.5,2.0,"[   0.            8.32870542   16.64816186 ... 2362.68279977 2360.05905457
 2357.43822302] uV",90.66159751 uV,18.0,0.0906615975125322
9.0,5,2.5,2.0,"[ 0.          0.04164353  0.08324081 ... 11.813414   11.80029527
 11.78719112] mV",0.45330799 mV,18.0,0.4533079875626133
9.0,10,2.5,2.0,"[ 0.          0.08328705  0.16648162 ... 23.626828   23.60059055
 23.57438223] mV",0.90661598 mV,18.0,0.9066159751252266
9.0,1,2.5,3.0,"[   0.            5.55349845   11.10288472 ... 2375.11772979 2373.35903478
 2371.60164201] uV",60.44663876 uV,27.0,0.060446638761643426
9.0,5,2.5,3.0,"[ 0.          0.02776749  0.05551442 ... 11.87558865 11.86679517
 11.85800821] mV",302.23319381 uV,27.0,0.3022331938082479
9.0,10,2.5,3.0,"[ 0.          0.05553498  0.11102885 ... 23.7511773  23.73359035
 23.71601642] mV",0.60446639 mV,27.0,0.6044663876164958
9.0,1,2.5,4.0,"[   0.            4.16550947    8.32870542 ... 2381.32814248 2380.00554983
 2378.68369174] uV",45.43160297 uV,36.0,0.045431602969298046
9.0,5,2.5,4.0,"[ 0.          0.02082755  0.04164353 ... 11.90664071 11.90002775
 11.89341846] mV",227.15801485 uV,36.0,0.22715801484645726
9.0,10,2.5,4.0,"[ 0.          0.04165509  0.08328705 ... 23.81328142 23.8000555
 23.78683692] mV",0.45431603 mV,36.0,0.4543160296929145
9.0,1,2.5,5.0,"[   0.            3.3325927     6.66370458 ... 2384.96069738 2383.90095037
 2382.84167424] uV",36.95559315 uV,45.0,0.036955593154853764
9.0,5,2.5,5.0,"[ 0.          0.01666296  0.03331852 ... 11.92480349 11.91950475
 11.91420837] mV",184.77796577 uV,45.0,0.1847779657742736
9.0,10,2.5,5.0,"[ 0.          0.03332593  0.06663705 ... 23.84960697 23.8390095
 23.82841674] mV",0.36955593 mV,45.0,0.3695559315485472
9.0,1,5.0,2.0,[0.         0.01665741 0.03329632 ... 4.7253656  4.72011811 4.71487645] mV,181.32319503 uV,18.0,0.1813231950250644
9.0,5,5.0,2.0,"[ 0.          0.08328705  0.16648162 ... 23.626828   23.60059055
 23.57438223] mV",0.90661598 mV,18.0,0.9066159751252266
9.0,10,5.0,2.0,"[ 0.          0.16657411  0.33296324 ... 47.253656   47.20118109
 47.14876446] mV",1.81323195 mV,18.0,1.8132319502504533
9.0,1,5.0,3.0,[0.         0.011107   0.02220577 ... 4.75023546 4.74671807 4.74320328] mV,120.89327752 uV,27.0,0.12089327752328685
9.0,5,5.0,3.0,"[ 0.          0.05553498  0.11102885 ... 23.7511773  23.73359035
 23.71601642] mV",0.60446639 mV,27.0,0.6044663876164958
9.0,10,5.0,3.0,"[ 0.          0.11106997  0.22205769 ... 47.5023546  47.4671807
 47.43203284] mV",1.20893278 mV,27.0,1.2089327752329917
9.0,1,5.0,4.0,[0.         0.00833102 0.01665741 ... 4.76265628 4.7600111  4.75736738] mV,90.86320594 uV,36.0,0.09086320593859609
9.0,5,5.0,4.0,"[ 0.          0.04165509  0.08328705 ... 23.81328142 23.8000555
 23.78683692] mV",0.45431603 mV,36.0,0.4543160296929145
9.0,10,5.0,4.0,"[ 0.          0.08331019  0.16657411 ... 47.62656285 47.600111
 47.57367383] mV",0.90863206 mV,36.0,0.908632059385829
9.0,1,5.0,5.0,[0.         0.00666519 0.01332741 ... 4.76992139 4.7678019  4.76568335] mV,73.91118631 uV,45.0,0.07391118630970753
9.0,5,5.0,5.0,"[ 0.          0.03332593  0.06663705 ... 23.84960697 23.8390095
 23.82841674] mV",0.36955593 mV,45.0,0.3695559315485472
9.0,10,5.0,5.0,"[ 0.          0.06665185  0.13327409 ... 47.69921395 47.67801901
 47.65683348] mV",0.73911186 mV,45.0,0.7391118630970944
10.0,1,1.5,2.0,"[   0.            4.99722325    9.98889711 ... 1380.56007117 1379.02696741
 1377.49556616] uV",48.22007203 uV,20.0,0.0482200720345351
10.0,5,1.5,2.0,[0.         0.02498612 0.04994449 ... 6.90280036 6.89513484 6.88747783] mV,241.10036017 uV,20.0,0.24110036017269304
10.0,10,1.5,2.0,"[ 0.          0.04997223  0.09988897 ... 13.80560071 13.79026967
 13.77495566] mV",0.48220072 mV,20.0,0.4822007203453861
10.0,1,1.5,3.0,"[   0.            3.33209907    6.66173083 ... 1387.03878578 1386.01173008
 1384.98543489] uV",32.14966984 uV,30.0,0.03214966983796502
10.0,5,1.5,3.0,[0.         0.0166605  0.03330865 ... 6.93519393 6.93005865 6.92492717] mV,160.74834919 uV,30.0,0.16074834918980083
10.0,10,1.5,3.0,"[ 0.          0.03332099  0.06661731 ... 13.87038786 13.8601173
 13.84985435] mV",0.3214967 mV,30.0,0.32149669837960165
10.0,1,1.5,4.0,"[   0.            2.49930568    4.99722325 ... 1390.27357533 1389.50141563
 1388.72968479] uV",24.16859311 uV,40.0,0.02416859310998363
10.0,5,1.5,4.0,[0.         0.01249653 0.02498612 ... 6.95136788 6.94750708 6.94364842] mV,120.84296555 uV,40.0,0.12084296554988865
10.0,10,1.5,4.0,"[ 0.          0.02499306  0.04997223 ... 13.90273575 13.89501416
 13.88729685] mV",241.6859311 uV,40.0,0.2416859310997773
10.0,1,1.5,5.0,"[   0.            1.99955562    3.99822275 ... 1392.15962248 1391.54102235
 1390.92269709] uV",19.69116921 uV,50.0,0.019691169208329706
10.0,5,1.5,5.0,[0.         0.00999778 0.01999111 ... 6.96079811 6.95770511 6.95461349] mV,98.45584604 uV,50.0,0.09845584604165937
10.0,10,1.5,5.0,"[ 0.          0.01999556  0.03998223 ... 13.92159622 13.91541022
 13.90922697] mV",196.91169208 uV,50.0,0.19691169208331874
10.0,1,2.5,2.0,"[   0.            8.32870542   16.64816186 ... 2300.93345194 2298.37827902
 2295.82594361] uV",80.36678672 uV,20.0,0.08036678672423145
10.0,5,2.5,2.0,"[ 0.          0.04164353  0.08324081 ... 11.50466726 11.4918914
 11.47912972] mV",0.40183393 mV,20.0,0.4018339336211707
10.0,10,2.5,2.0,"[ 0.          0.08328705  0.16648162 ... 23.00933452 22.98378279
 22.95825944] mV",0.80366787 mV,20.0,0.8036678672423414
10.0,1,2.5,3.0,"[   0.            5.55349845   11.10288472 ... 2311.73130964 2310.01955014
 2308.30905814] uV",53.58278306 uV,30.0,0.05358278306326477
10.0,5,2.5,3.0,"[ 0.          0.02776749  0.05551442 ... 11.55865655 11.55009775
 11.54154529] mV",267.91391532 uV,30.0,0.26791391531635206
10.0,10,2.5,3.0,"[ 0.          0.05553498  0.11102885 ... 23.1173131  23.1001955
 23.08309058] mV",0.53582783 mV,30.0,0.5358278306327041
10.0,1,2.5,4.0,"[   0.            4.16550947    8.32870542 ... 2317.12262555 2315.83569272
 2314.54947465] uV",40.28098852 uV,40.0,0.04028098851662984
10.0,5,2.5,4.0,"[ 0.          0.02082755  0.04164353 ... 11.58561313 11.57917846
 11.57274737] mV",201.40494258 uV,40.0,0.20140494258316133
10.0,10,2.5,4.0,"[ 0.          0.04165509  0.08328705 ... 23.17122626 23.15835693
 23.14549475] mV",0.40280989 mV,40.0,0.40280988516632266
10.0,1,2.5,5.0,"[   0.            3.3325927     6.66370458 ... 2320.26603747 2319.23503725
 2318.20449515] uV",32.81861535 uV,50.0,0.03281861534722369
10.0,5,2.5,5.0,"[ 0.          0.01666296  0.03331852 ... 11.60133019 11.59617519
 11.59102248] mV",164.09307674 uV,50.0,0.1640930767361475
10.0,10,2.5,5.0,"[ 0.          0.03332593  0.06663705 ... 23.20266037 23.19235037
 23.18204495] mV",0.32818615 mV,50.0,0.328186153472295
10.0,1,5.0,2.0,[0.         0.01665741 0.03329632 ... 4.6018669  4.59675656 4.59165189] mV,160.73357345 uV,20.0,0.1607335734484629
10.0,5,5.0,2.0,"[ 0.          0.08328705  0.16648162 ... 23.00933452 22.98378279
 22.95825944] mV",0.80366787 mV,20.0,0.8036678672423414
10.0,10,5.0,2.0,"[ 0.          0.16657411  0.33296324 ... 46.01866904 45.96756558
 45.91651887] mV",1.60733573 mV,20.0,1.6073357344846828
10.0,1,5.0,3.0,[0.         0.011107   0.02220577 ... 4.62346262 4.6200391  4.61661812] mV,107.16556613 uV,30.0,0.10716556612652954
10.0,5,5.0,3.0,"[ 0.          0.05553498  0.11102885 ... 23.1173131  23.1001955
 23.08309058] mV",0.53582783 mV,30.0,0.5358278306327041
10.0,10,5.0,3.0,"[ 0.          0.11106997  0.22205769 ... 46.23462619 46.200391
 46.16618116] mV",1.07165566 mV,30.0,1.0716556612654082
10.0,1,5.0,4.0,[0.         0.00833102 0.01665741 ... 4.63424525 4.63167139 4.62909895] mV,80.56197703 uV,40.0,0.08056197703325968
10.0,5,5.0,4.0,"[ 0.          0.04165509  0.08328705 ... 23.17122626 23.15835693
 23.14549475] mV",0.40280989 mV,40.0,0.40280988516632266
10.0,10,5.0,4.0,"[ 0.          0.08331019  0.16657411 ... 46.34245251 46.31671385
 46.29098949] mV",0.80561977 mV,40.0,0.8056197703326453
10.0,1,5.0,5.0,[0.         0.00666519 0.01332741 ... 4.64053207 4.63847007 4.63640899] mV,65.63723069 uV,50.0,0.06563723069444738
10.0,5,5.0,5.0,"[ 0.          0.03332593  0.06663705 ... 23.20266037 23.19235037
 23.18204495] mV",0.32818615 mV,50.0,0.328186153472295
10.0,10,5.0,5.0,"[ 0.          0.06665185  0.13327409 ... 46.40532075 46.38470075
 46.3640899 ] mV",0.65637231 mV,50.0,0.65637230694459
11.0,1,1.5,2.0,"[   0.            4.99722325    9.98889711 ... 1477.91047045 1476.26925966
 1474.62987142] uV",43.87341865 uV,22.0,0.04387341864922037
11.0,5,1.5,2.0,[0.         0.02498612 0.04994449 ... 7.38955235 7.3813463  7.37314936] mV,219.36709325 uV,22.0,0.2193670932461025
11.0,10,1.5,2.0,"[ 0.          0.04997223  0.09988897 ... 14.7791047  14.7626926
 14.74629871] mV",0.43873419 mV,22.0,0.438734186492205
11.0,1,1.5,3.0,"[   0.            3.33209907    6.66173083 ... 1472.7796954  1471.68915143
 1470.59941498] uV",29.25179149 uV,33.0,0.02925179148952203
11.0,5,1.5,3.0,[0.         0.0166605  0.03330865 ... 7.36389848 7.35844576 7.35299707] mV,146.25895745 uV,33.0,0.14625895744755074
11.0,10,1.5,3.0,"[ 0.          0.03332099  0.06661731 ... 14.72779695 14.71689151
 14.70599415] mV",292.5179149 uV,33.0,0.2925179148951015
11.0,1,1.5,4.0,"[   0.            2.49930568    4.99722325 ... 1470.20668026 1469.39012562
 1468.57402448] uV",21.99777154 uV,44.0,0.021997771537856117
11.0,5,1.5,4.0,[0.         0.01249653 0.02498612 ... 7.3510334  7.34695063 7.34287012] mV,109.98885769 uV,44.0,0.10998885768924438
11.0,10,1.5,4.0,"[ 0.          0.02499306  0.04997223 ... 14.7020668  14.69390126
 14.68574024] mV",219.97771538 uV,44.0,0.21997771537848876
11.0,1,1.5,5.0,"[   0.            1.99955562    3.99822275 ... 1468.60466926 1467.9521011
 1467.29982291] uV",17.971367 uV,55.0,0.017971366999579037
11.0,5,1.5,5.0,[0.         0.00999778 0.01999111 ... 7.34302335 7.33976051 7.33649911] mV,89.856835 uV,55.0,0.08985683499791816
11.0,10,1.5,5.0,"[ 0.          0.01999556  0.03998223 ... 14.68604669 14.67952101
 14.67299823] mV",179.71367 uV,55.0,0.17971366999583632
11.0,1,2.5,2.0,"[   0.            8.32870542   16.64816186 ... 2463.18411742 2460.4487661
 2457.71645237] uV",73.12236442 uV,22.0,0.07312236441536822
11.0,5,2.5,2.0,"[ 0.          0.04164353  0.08324081 ... 12.31592059 12.30224383
 12.28858226] mV",0.36561182 mV,22.0,0.36561182207683723
11.0,10,2.5,2.0,"[ 0.          0.08328705  0.16648162 ... 24.63184117 24.60448766
 24.57716452] mV",0.73122364 mV,22.0,0.7312236441536745
11.0,1,2.5,3.0,"[   0.            5.55349845   11.10288472 ... 2454.63282567 2452.81525239
 2450.99902496] uV",48.75298582 uV,33.0,0.04875298581585082
11.0,5,2.5,3.0,"[ 0.          0.02776749  0.05551442 ... 12.27316413 12.26407626
 12.25499512] mV",243.76492908 uV,33.0,0.24376492907929487
11.0,10,2.5,3.0,"[ 0.          0.05553498  0.11102885 ... 24.54632826 24.52815252
 24.50999025] mV",0.48752986 mV,33.0,0.48752985815858974
11.0,1,2.5,4.0,"[   0.            4.16550947    8.32870542 ... 2450.3444671  2448.98354269
 2447.62337414] uV",36.66295256 uV,44.0,0.03666295256308507
11.0,5,2.5,4.0,"[ 0.          0.02082755  0.04164353 ... 12.25172234 12.24491771
 12.23811687] mV",183.31476282 uV,44.0,0.1833147628154258
11.0,10,2.5,4.0,"[ 0.          0.04165509  0.08328705 ... 24.50344467 24.48983543
 24.47623374] mV",0.36662953 mV,44.0,0.3666295256308516
11.0,1,2.5,5.0,"[   0.            3.3325927     6.66370458 ... 2447.67444877 2446.58683517
 2445.49970485] uV",29.95227833 uV,55.0,0.029952278332629704
11.0,5,2.5,5.0,"[ 0.          0.01666296  0.03331852 ... 12.23837224 12.23293418
 12.22749852] mV",149.76139166 uV,55.0,0.1497613916632192
11.0,10,2.5,5.0,"[ 0.          0.03332593  0.06663705 ... 24.47674449 24.46586835
 24.45499705] mV",299.52278333 uV,55.0,0.2995227833264384
11.0,1,5.0,2.0,[0.         0.01665741 0.03329632 ... 4.92636823 4.92089753 4.9154329 ] mV,146.24472883 uV,22.0,0.14624472883073644
11.0,5,5.0,2.0,"[ 0.          0.08328705  0.16648162 ... 24.63184117 24.60448766
 24.57716452] mV",0.73122364 mV,22.0,0.7312236441536745
11.0,10,5.0,2.0,"[ 0.          0.16657411  0.33296324 ... 49.26368235 49.20897532
 49.15432905] mV",1.46244729 mV,22.0,1.462447288307349
11.0,1,5.0,3.0,[0.         0.011107   0.02220577 ... 4.90926565 4.9056305  4.90199805] mV,97.50597163 uV,33.0,0.09750597163170165
11.0,5,5.0,3.0,"[ 0.          0.05553498  0.11102885 ... 24.54632826 24.52815252
 24.50999025] mV",0.48752986 mV,33.0,0.48752985815858974
11.0,10,5.0,3.0,"[ 0.          0.11106997  0.22205769 ... 49.09265651 49.05630505
 49.0199805 ] mV",0.97505972 mV,33.0,0.9750597163171795
11.0,1,5.0,4.0,[0.         0.00833102 0.01665741 ... 4.90068893 4.89796709 4.89524675] mV,73.32590513 uV,44.0,0.07332590512617014
11.0,5,5.0,4.0,"[ 0.          0.04165509  0.08328705 ... 24.50344467 24.48983543
 24.47623374] mV",0.36662953 mV,44.0,0.3666295256308516
11.0,10,5.0,4.0,"[ 0.          0.08331019  0.16657411 ... 49.00688934 48.97967085
 48.95246748] mV",0.73325905 mV,44.0,0.7332590512617032
11.0,1,5.0,5.0,[0.         0.00666519 0.01332741 ... 4.8953489  4.89317367 4.89099941] mV,59.90455667 uV,55.0,0.05990455666525941
11.0,5,5.0,5.0,"[ 0.          0.03332593  0.06663705 ... 24.47674449 24.46586835
 24.45499705] mV",299.52278333 uV,55.0,0.2995227833264384
11.0,10,5.0,5.0,"[ 0.          0.06665185  0.13327409 ... 48.95348898 48.9317367
 48.9099941 ] mV",0.59904557 mV,55.0,0.5990455666528768
12.0,1,1.5,2.0,"[   0.            4.99722325    9.98889711 ... 1442.63756862 1446.03275142
 1449.4241639 ] uV",40.53929222 uV,24.0,0.04053929222386015
12.0,5,1.5,2.0,[0.         0.02498612 0.04994449 ... 7.21318784 7.23016376 7.24712082] mV,202.69646112 uV,24.0,0.20269646111930814
12.0,10,1.5,2.0,"[ 0.          0.04997223  0.09988897 ... 14.42637569 14.46032751
 14.49424164] mV",0.40539292 mV,24.0,0.4053929222386163
12.0,1,1.5,3.0,"[   0.            3.33209907    6.66173083 ... 1448.22914389 1450.48887785
 1452.74693855] uV",27.02888009 uV,36.0,0.027028880089975844
12.0,5,1.5,3.0,[0.         0.0166605  0.03330865 ... 7.24114572 7.25244439 7.26373469] mV,135.14440045 uV,36.0,0.13514440044985754
12.0,10,1.5,3.0,"[ 0.          0.03332099  0.06661731 ... 14.48229144 14.50488878
 14.52746939] mV",270.2888009 uV,36.0,0.2702888008997151
12.0,1,1.5,4.0,"[   0.            2.49930568    4.99722325 ... 1451.0255342  1452.71893847
 1454.41140222] uV",20.32973385 uV,48.0,0.020329733846454444
12.0,5,1.5,4.0,[0.         0.01249653 0.02498612 ... 7.25512767 7.26359469 7.27205701] mV,101.64866923 uV,48.0,0.10164866923223925
12.0,10,1.5,4.0,"[ 0.          0.02499306  0.04997223 ... 14.51025534 14.52718938
 14.54411402] mV",203.29733846 uV,48.0,0.2032973384644785
12.0,1,1.5,5.0,"[   0.            1.99955562    3.99822275 ... 1452.64787003 1454.00194783
 1455.35542395] uV",16.63217244 uV,60.0,0.01663217244234202
12.0,5,1.5,5.0,[0.         0.00999778 0.01999111 ... 7.26323935 7.27000974 7.27677712] mV,83.16086221 uV,60.0,0.0831608622117088
12.0,10,1.5,5.0,"[ 0.          0.01999556  0.03998223 ... 14.5264787  14.54001948
 14.55355424] mV",166.32172442 uV,60.0,0.1663217244234176
12.0,1,2.5,2.0,"[   0.            8.32870542   16.64816186 ... 2404.3959477  2410.05458571
 2415.70693983] uV",67.56548704 uV,24.0,0.06756548703976865
12.0,5,2.5,2.0,"[ 0.          0.04164353  0.08324081 ... 12.02197974 12.05027293
 12.0785347 ] mV",0.33782744 mV,24.0,0.33782743519884634
12.0,10,2.5,2.0,"[ 0.          0.08328705  0.16648162 ... 24.04395948 24.10054586
 24.1570694 ] mV",0.67565487 mV,24.0,0.6756548703976927
12.0,1,2.5,3.0,"[   0.            5.55349845   11.10288472 ... 2413.71523981 2417.48146308
 2421.24489759] uV",45.04813348 uV,36.0,0.04504813348328411
12.0,5,2.5,3.0,"[ 0.          0.02776749  0.05551442 ... 12.0685762  12.08740732
 12.10622449] mV",225.24066742 uV,36.0,0.22524066741646045
12.0,10,2.5,3.0,"[ 0.          0.05553498  0.11102885 ... 24.1371524  24.17481463
 24.21244898] mV",0.45048133 mV,36.0,0.4504813348329209
12.0,1,2.5,4.0,"[   0.            4.16550947    8.32870542 ... 2418.37589034 2421.19823079
 2424.01900371] uV",33.88288974 uV,48.0,0.033882889744079894
12.0,5,2.5,4.0,"[ 0.          0.02082755  0.04164353 ... 12.09187945 12.10599115
 12.12009502] mV",169.41444872 uV,48.0,0.16941444872038863
12.0,10,2.5,4.0,"[ 0.          0.04165509  0.08328705 ... 24.1837589  24.21198231
 24.24019004] mV",0.3388289 mV,48.0,0.33882889744077727
12.0,1,2.5,5.0,"[   0.            3.3325927     6.66370458 ... 2421.07978339 2423.33657971
 2425.59237324] uV",27.7202874 uV,60.0,0.02772028740388949
12.0,5,2.5,5.0,"[ 0.          0.01666296  0.03331852 ... 12.10539892 12.1166829
 12.12796187] mV",138.60143702 uV,60.0,0.13860143701946956
12.0,10,2.5,5.0,"[ 0.          0.03332593  0.06663705 ... 24.21079783 24.2333658
 24.25592373] mV",277.20287404 uV,60.0,0.2772028740389391
12.0,1,5.0,2.0,[0.         0.01665741 0.03329632 ... 4.8087919  4.82010917 4.83141388] mV,135.13097408 uV,24.0,0.1351309740795373
12.0,5,5.0,2.0,"[ 0.          0.08328705  0.16648162 ... 24.04395948 24.10054586
 24.1570694 ] mV",0.67565487 mV,24.0,0.6756548703976927
12.0,10,5.0,2.0,"[ 0.          0.16657411  0.33296324 ... 48.08791895 48.20109171
 48.3141388 ] mV",1.35130974 mV,24.0,1.3513097407953854
12.0,1,5.0,3.0,[0.         0.011107   0.02220577 ... 4.82743048 4.83496293 4.8424898 ] mV,90.09626697 uV,36.0,0.09009626696656822
12.0,5,5.0,3.0,"[ 0.          0.05553498  0.11102885 ... 24.1371524  24.17481463
 24.21244898] mV",0.45048133 mV,36.0,0.4504813348329209
12.0,10,5.0,3.0,"[ 0.          0.11106997  0.22205769 ... 48.2743048  48.34962926
 48.42489795] mV",0.90096267 mV,36.0,0.9009626696658418
12.0,1,5.0,4.0,[0.         0.00833102 0.01665741 ... 4.83675178 4.84239646 4.84803801] mV,67.76577949 uV,48.0,0.06776577948815979
12.0,5,5.0,4.0,"[ 0.          0.04165509  0.08328705 ... 24.1837589  24.21198231
 24.24019004] mV",0.3388289 mV,48.0,0.33882889744077727
12.0,10,5.0,4.0,"[ 0.          0.08331019  0.16657411 ... 48.36751781 48.42396462
 48.48038007] mV",0.67765779 mV,48.0,0.6776577948815545
12.0,1,5.0,5.0,[0.         0.00666519 0.01332741 ... 4.84215957 4.84667316 4.85118475] mV,55.44057481 uV,60.0,0.05544057480777898
12.0,5,5.0,5.0,"[ 0.          0.03332593  0.06663705 ... 24.21079783 24.2333658
 24.25592373] mV",277.20287404 uV,60.0,0.2772028740389391
12.0,10,5.0,5.0,"[ 0.          0.06665185  0.13327409 ... 48.42159567 48.46673159
 48.51184746] mV",0.55440575 mV,60.0,0.5544057480778782
13.0,1,1.5,2.0,"[   0.            4.99722325    9.98889711 ... 1454.9962879  1453.38052317
 1451.76655274] uV",37.20491684 uV,26.0,0.03720491683847655
13.0,5,1.5,2.0,[0.         0.02498612 0.04994449 ... 7.27498144 7.26690262 7.25883276] mV,186.02458419 uV,26.0,0.18602458419239315
13.0,10,1.5,2.0,"[ 0.          0.04997223  0.09988897 ... 14.54996288 14.53380523
 14.51766553] mV",0.37204917 mV,26.0,0.3720491683847863
13.0,1,1.5,3.0,"[   0.            3.33209907    6.66173083 ... 1455.30871698 1454.23110969
 1453.15430033] uV",24.8058538 uV,39.0,0.024805853804893245
13.0,5,1.5,3.0,[0.         0.0166605  0.03330865 ... 7.27654358 7.27115555 7.2657715 ] mV,124.02926902 uV,39.0,0.12402926902444454
13.0,10,1.5,3.0,"[ 0.          0.03332099  0.06661731 ... 14.55308717 14.5423111
 14.531543  ] mV",248.05853805 uV,39.0,0.24805853804888908
13.0,1,1.5,4.0,"[   0.            2.49930568    4.99722325 ... 1455.45322491 1454.64486435
 1453.83695276] uV",18.66233353 uV,52.0,0.01866233352585539
13.0,5,1.5,4.0,[0.         0.01249653 0.02498612 ... 7.27726612 7.27322432 7.26918476] mV,93.31166763 uV,52.0,0.09331166762923358
13.0,10,1.5,4.0,"[ 0.          0.02499306  0.04997223 ... 14.55453225 14.54644864
 14.53836953] mV",186.62333526 uV,52.0,0.18662333525846717
13.0,1,1.5,5.0,"[   0.            1.99955562    3.99822275 ... 1455.48061318 1454.83387664
 1454.18742747] uV",15.29769181 uV,65.0,0.015297691812059299
13.0,5,1.5,5.0,[0.         0.00999778 0.01999111 ... 7.27740307 7.27416938 7.27093714] mV,76.48845906 uV,65.0,0.07648845906029454
13.0,10,1.5,5.0,"[ 0.          0.01999556  0.03998223 ... 14.55480613 14.54833877
 14.54187427] mV",152.97691812 uV,65.0,0.15297691812058908
13.0,1,2.5,2.0,"[   0.            8.32870542   16.64816186 ... 2424.99381316 2422.30087195
 2419.61092123] uV",62.00819473 uV,26.0,0.06200819473080148
13.0,5,2.5,2.0,"[ 0.          0.04164353  0.08324081 ... 12.12496907 12.11150436
 12.09805461] mV",310.04097365 uV,26.0,0.3100409736539744
13.0,10,2.5,2.0,"[ 0.          0.08328705  0.16648162 ... 24.24993813 24.22300872
 24.19610921] mV",0.62008195 mV,26.0,0.6200819473079489
13.0,1,2.5,3.0,"[   0.            5.55349845   11.10288472 ... 2425.51452831 2423.71851615
 2421.92383388] uV",41.34308967 uV,39.0,0.041343089674815425
13.0,5,2.5,3.0,"[ 0.          0.02776749  0.05551442 ... 12.12757264 12.11859258
 12.10961917] mV",206.71544837 uV,39.0,0.20671544837406325
13.0,10,2.5,3.0,"[ 0.          0.05553498  0.11102885 ... 24.25514528 24.23718516
 24.21923834] mV",0.4134309 mV,39.0,0.4134308967481265
13.0,1,2.5,4.0,"[   0.            4.16550947    8.32870542 ... 2425.75537486 2424.40810726
 2423.06158793] uV",31.10388921 uV,52.0,0.031103889209758984
13.0,5,2.5,4.0,"[ 0.          0.02082755  0.04164353 ... 12.12877687 12.12204054
 12.11530794] mV",155.51944605 uV,52.0,0.15551944604872725
13.0,10,2.5,4.0,"[ 0.          0.04165509  0.08328705 ... 24.25755375 24.24408107
 24.23061588] mV",311.0388921 uV,52.0,0.3110388920974545
13.0,1,2.5,5.0,"[   0.            3.3325927     6.66370458 ... 2425.80102197 2424.72312773
 2423.64571245] uV",25.49615302 uV,65.0,0.025496153020105987
13.0,5,2.5,5.0,"[ 0.          0.01666296  0.03331852 ... 12.12900511 12.12361564
 12.11822856] mV",127.4807651 uV,65.0,0.1274807651005308
13.0,10,2.5,5.0,"[ 0.          0.03332593  0.06663705 ... 24.25801022 24.24723128
 24.23645712] mV",254.9615302 uV,65.0,0.2549615302010616
13.0,1,5.0,2.0,[0.         0.01665741 0.03329632 ... 4.84998763 4.84460174 4.83922184] mV,124.01638946 uV,26.0,0.12401638946160295
13.0,5,5.0,2.0,"[ 0.          0.08328705  0.16648162 ... 24.24993813 24.22300872
 24.19610921] mV",0.62008195 mV,26.0,0.6200819473079489
13.0,10,5.0,2.0,"[ 0.          0.16657411  0.33296324 ... 48.49987626 48.44601744
 48.39221842] mV",1.24016389 mV,26.0,1.2401638946158977
13.0,1,5.0,3.0,[0.         0.011107   0.02220577 ... 4.85102906 4.84743703 4.84384767] mV,82.68617935 uV,39.0,0.08268617934963085
13.0,5,5.0,3.0,"[ 0.          0.05553498  0.11102885 ... 24.25514528 24.23718516
 24.21923834] mV",0.4134309 mV,39.0,0.4134308967481265
13.0,10,5.0,3.0,"[ 0.          0.11106997  0.22205769 ... 48.51029057 48.47437032
 48.43847668] mV",0.82686179 mV,39.0,0.826861793496253
13.0,1,5.0,4.0,[0.         0.00833102 0.01665741 ... 4.85151075 4.84881621 4.84612318] mV,62.20777842 uV,52.0,0.06220777841951797
13.0,5,5.0,4.0,"[ 0.          0.04165509  0.08328705 ... 24.25755375 24.24408107
 24.23061588] mV",311.0388921 uV,52.0,0.3110388920974545
13.0,10,5.0,4.0,"[ 0.          0.08331019  0.16657411 ... 48.5151075  48.48816215
 48.46123176] mV",0.62207778 mV,52.0,0.622077784194909
13.0,1,5.0,5.0,[0.         0.00666519 0.01332741 ... 4.85160204 4.84944626 4.84729142] mV,50.99230604 uV,65.0,0.050992306040211974
13.0,5,5.0,5.0,"[ 0.          0.03332593  0.06663705 ... 24.25801022 24.24723128
 24.23645712] mV",254.9615302 uV,65.0,0.2549615302010616
13.0,10,5.0,5.0,"[ 0.          0.06665185  0.13327409 ... 48.51602044 48.49446255
 48.47291425] mV",0.50992306 mV,65.0,0.5099230604021232
14.0,1,1.5,2.0,"[   0.            4.99722325    9.98889711 ... 1392.55571686 1396.00651527
 1399.45348158] uV",34.37422478 uV,28.0,0.03437422478130077
14.0,5,1.5,2.0,[0.         0.02498612 0.04994449 ... 6.96277858 6.98003258 6.99726741] mV,171.87112391 uV,28.0,0.17187112390651577
14.0,10,1.5,2.0,"[ 0.          0.04997223  0.09988897 ... 13.92555717 13.96006515
 13.99453482] mV",0.34374225 mV,28.0,0.34374224781303153
14.0,1,1.5,3.0,"[   0.            3.33209907    6.66173083 ... 1397.10796618 1399.40555366
 1401.70143985] uV",22.9185864 uV,42.0,0.022918586397371658
14.0,5,1.5,3.0,[0.         0.0166605  0.03330865 ... 6.98553983 6.99702777 7.0085072 ] mV,114.59293199 uV,42.0,0.11459293198684983
14.0,10,1.5,3.0,"[ 0.          0.03332099  0.06661731 ... 13.97107966 13.99405554
 14.0170144 ] mV",229.18586397 uV,42.0,0.22918586397369967
14.0,1,1.5,4.0,"[   0.            2.49930568    4.99722325 ... 1399.38367016 1401.10575638
 1402.82688616] uV",17.24501074 uV,56.0,0.017245010744704754
14.0,5,1.5,4.0,[0.         0.01249653 0.02498612 ... 6.99691835 7.00552878 7.01413443] mV,86.22505372 uV,56.0,0.08622505372349927
14.0,10,1.5,4.0,"[ 0.          0.02499306  0.04997223 ... 13.9938367  14.01105756
 14.02826886] mV",172.45010745 uV,56.0,0.17245010744699854
14.0,1,1.5,5.0,"[   0.            1.99955562    3.99822275 ... 1400.69526604 1402.07242876
 1403.44897953] uV",14.15179367 uV,70.0,0.014151793671299045
14.0,5,1.5,5.0,[0.         0.00999778 0.01999111 ... 7.00347633 7.01036214 7.0172449 ] mV,70.75896836 uV,70.0,0.07075896835649978
14.0,10,1.5,5.0,"[ 0.          0.01999556  0.03998223 ... 14.00695266 14.02072429
 14.0344898 ] mV",141.51793671 uV,70.0,0.14151793671299956
14.0,1,2.5,2.0,"[   0.            8.32870542   16.64816186 ... 2320.92619477 2326.67752545
 2332.4224693 ] uV",57.29037464 uV,28.0,0.05729037463549817
14.0,5,2.5,2.0,"[ 0.          0.04164353  0.08324081 ... 11.60463097 11.63338763
 11.66211235] mV",286.45187318 uV,28.0,0.28645187317750953
14.0,10,2.5,2.0,"[ 0.          0.08328705  0.16648162 ... 23.20926195 23.26677525
 23.32422469] mV",0.57290375 mV,28.0,0.5729037463550191
14.0,1,2.5,3.0,"[   0.            5.55349845   11.10288472 ... 2328.51327696 2332.34258943
 2336.16906642] uV",38.197644 uV,42.0,0.038197643995617044
14.0,5,2.5,3.0,"[ 0.          0.02776749  0.05551442 ... 11.64256638 11.66171295
 11.68084533] mV",190.98821998 uV,42.0,0.19098821997809434
14.0,10,2.5,3.0,"[ 0.          0.05553498  0.11102885 ... 23.28513277 23.32342589
 23.36169066] mV",0.38197644 mV,42.0,0.3819764399561887
14.0,1,2.5,4.0,"[   0.            4.16550947    8.32870542 ... 2332.30611693 2335.17626064
 2338.04481027] uV",28.74168457 uV,56.0,0.028741684574498313
14.0,5,2.5,4.0,"[ 0.          0.02082755  0.04164353 ... 11.66153058 11.6758813
 11.69022405] mV",143.70842287 uV,56.0,0.14370842287251412
14.0,10,2.5,4.0,"[ 0.          0.04165509  0.08328705 ... 23.32306117 23.35176261
 23.3804481 ] mV",287.41684575 uV,56.0,0.28741684574502824
14.0,1,2.5,5.0,"[   0.            3.3325927     6.66370458 ... 2334.49211007 2336.78738126
 2339.08163255] uV",23.58632279 uV,70.0,0.023586322785493566
14.0,5,2.5,5.0,"[ 0.          0.01666296  0.03331852 ... 11.67246055 11.68393691
 11.69540816] mV",117.93161393 uV,70.0,0.11793161392749558
14.0,10,2.5,5.0,"[ 0.          0.03332593  0.06663705 ... 23.3449211  23.36787381
 23.39081633] mV",235.86322785 uV,70.0,0.23586322785499117
14.0,1,5.0,2.0,[0.         0.01665741 0.03329632 ... 4.64185239 4.65335505 4.66484494] mV,114.58074927 uV,28.0,0.11458074927099635
14.0,5,5.0,2.0,"[ 0.          0.08328705  0.16648162 ... 23.20926195 23.26677525
 23.32422469] mV",0.57290375 mV,28.0,0.5729037463550191
14.0,10,5.0,2.0,"[ 0.          0.16657411  0.33296324 ... 46.4185239  46.53355051
 46.64844939] mV",1.14580749 mV,28.0,1.1458074927100381
14.0,1,5.0,3.0,[0.         0.011107   0.02220577 ... 4.65702655 4.66468518 4.67233813] mV,76.39528799 uV,42.0,0.07639528799123409
14.0,5,5.0,3.0,"[ 0.          0.05553498  0.11102885 ... 23.28513277 23.32342589
 23.36169066] mV",0.38197644 mV,42.0,0.3819764399561887
14.0,10,5.0,3.0,"[ 0.          0.11106997  0.22205769 ... 46.57026554 46.64685179
 46.72338133] mV",0.76395288 mV,42.0,0.7639528799123774
14.0,1,5.0,4.0,[0.         0.00833102 0.01665741 ... 4.66461223 4.67035252 4.67608962] mV,57.48336915 uV,56.0,0.05748336914899663
14.0,5,5.0,4.0,"[ 0.          0.04165509  0.08328705 ... 23.32306117 23.35176261
 23.3804481 ] mV",287.41684575 uV,56.0,0.28741684574502824
14.0,10,5.0,4.0,"[ 0.          0.08331019  0.16657411 ... 46.64612234 46.70352521
 46.76089621] mV",0.57483369 mV,56.0,0.5748336914900565
14.0,1,5.0,5.0,[0.         0.00666519 0.01332741 ... 4.66898422 4.67357476 4.67816327] mV,47.17264557 uV,70.0,0.04717264557098713
14.0,5,5.0,5.0,"[ 0.          0.03332593  0.06663705 ... 23.3449211  23.36787381
 23.39081633] mV",235.86322785 uV,70.0,0.23586322785499117
14.0,10,5.0,5.0,"[ 0.          0.06665185  0.13327409 ... 46.6898422  46.73574763
 46.78163265] mV",0.47172646 mV,70.0,0.47172645570998234
15.0,1,1.5,2.0,"[   0.            4.99722325    9.98889711 ... 1488.31733803 1486.66457047
 1485.0136383 ] uV",33.33265052 uV,30.0,0.03333265051700253
15.0,5,1.5,2.0,[0.         0.02498612 0.04994449 ... 7.44158669 7.43332285 7.42506819] mV,166.66325259 uV,30.0,0.16666325258501025
15.0,10,1.5,2.0,"[ 0.          0.04997223  0.09988897 ... 14.88317338 14.8666457
 14.85013638] mV",0.33332651 mV,30.0,0.3333265051700205
15.0,1,1.5,3.0,"[   0.            3.33209907    6.66173083 ... 1492.21497323 1491.11003809
 1490.00592112] uV",22.22434312 uV,45.0,0.022224343116649184
15.0,5,1.5,3.0,[0.         0.0166605  0.03330865 ... 7.46107487 7.45555019 7.45002961] mV,111.12171558 uV,45.0,0.11112171558323984
15.0,10,1.5,3.0,"[ 0.          0.03332099  0.06661731 ... 14.92214973 14.91110038
 14.90005921] mV",222.24343117 uV,45.0,0.22224343116647968
15.0,1,1.5,4.0,"[   0.            2.49930568    4.99722325 ... 1494.15705426 1493.32719755
 1492.49780173] uV",16.72868178 uV,60.0,0.016728681783711008
15.0,5,1.5,4.0,[0.         0.01249653 0.02498612 ... 7.47078527 7.46663599 7.46248901] mV,83.64340892 uV,60.0,0.0836434089185236
15.0,10,1.5,4.0,"[ 0.          0.02499306  0.04997223 ... 14.94157054 14.93327198
 14.92497802] mV",167.28681784 uV,60.0,0.1672868178370472
15.0,1,1.5,5.0,"[   0.            1.99955562    3.99822275 ... 1495.26285134 1494.59843774
 1493.93431936] uV",13.76584584 uV,75.0,0.013765845842022726
15.0,5,1.5,5.0,[0.         0.00999778 0.01999111 ... 7.47631426 7.47299219 7.4696716 ] mV,68.82922921 uV,75.0,0.06882922921013293
15.0,10,1.5,5.0,"[ 0.          0.01999556  0.03998223 ... 14.95262851 14.94598438
 14.93934319] mV",137.65845842 uV,75.0,0.13765845842026586
15.0,1,2.5,2.0,"[   0.            8.32870542   16.64816186 ... 2480.52889671 2477.77428412
 2475.0227305 ] uV",55.55441753 uV,30.0,0.05555441752834152
15.0,5,2.5,2.0,"[ 0.          0.04164353  0.08324081 ... 12.40264448 12.38887142
 12.37511365] mV",277.77208764 uV,30.0,0.2777720876416898
15.0,10,2.5,2.0,"[ 0.          0.08328705  0.16648162 ... 24.80528897 24.77774284
 24.75022731] mV",0.55554418 mV,30.0,0.5555441752833796
15.0,1,2.5,3.0,"[   0.            5.55349845   11.10288472 ... 2487.02495538 2485.18339681
 2483.34320186] uV",37.04057186 uV,45.0,0.03704057186106752
15.0,5,2.5,3.0,"[ 0.          0.02776749  0.05551442 ... 12.43512478 12.42591698
 12.41671601] mV",185.20285931 uV,45.0,0.18520285930542257
15.0,10,2.5,3.0,"[ 0.          0.05553498  0.11102885 ... 24.87024955 24.85183397
 24.83343202] mV",0.37040572 mV,45.0,0.37040571861084515
15.0,1,2.5,4.0,"[   0.            4.16550947    8.32870542 ... 2490.2617571  2488.87866258
 2487.49633622] uV",27.88113631 uV,60.0,0.027881136306188124
15.0,5,2.5,4.0,"[ 0.          0.02082755  0.04164353 ... 12.45130879 12.44439331
 12.43748168] mV",139.40568153 uV,60.0,0.13940568153089639
15.0,10,2.5,4.0,"[ 0.          0.04165509  0.08328705 ... 24.90261757 24.88878663
 24.87496336] mV",278.81136306 uV,60.0,0.27881136306179277
15.0,1,2.5,5.0,"[   0.            3.3325927     6.66370458 ... 2492.10475224 2490.99739623
 2489.89053226] uV",22.9430764 uV,75.0,0.0229430764033668
15.0,5,2.5,5.0,"[ 0.          0.01666296  0.03331852 ... 12.46052376 12.45498698
 12.44945266] mV",114.71538202 uV,75.0,0.11471538201690903
15.0,10,2.5,5.0,"[ 0.          0.03332593  0.06663705 ... 24.92104752 24.90997396
 24.89890532] mV",229.43076403 uV,75.0,0.22943076403381807
15.0,1,5.0,2.0,[0.         0.01665741 0.03329632 ... 4.96105779 4.95554857 4.95004546] mV,111.10883506 uV,30.0,0.11110883505668304
15.0,5,5.0,2.0,"[ 0.          0.08328705  0.16648162 ... 24.80528897 24.77774284
 24.75022731] mV",0.55554418 mV,30.0,0.5555441752833796
15.0,10,5.0,2.0,"[ 0.          0.16657411  0.33296324 ... 49.61057793 49.55548568
 49.50045461] mV",1.11108835 mV,30.0,1.1110883505667593
15.0,1,5.0,3.0,[0.         0.011107   0.02220577 ... 4.97404991 4.97036679 4.9666864 ] mV,74.08114372 uV,45.0,0.07408114372213503
15.0,5,5.0,3.0,"[ 0.          0.05553498  0.11102885 ... 24.87024955 24.85183397
 24.83343202] mV",0.37040572 mV,45.0,0.37040571861084515
15.0,10,5.0,3.0,"[ 0.          0.11106997  0.22205769 ... 49.74049911 49.70366794
 49.66686404] mV",0.74081144 mV,45.0,0.7408114372216903
15.0,1,5.0,4.0,[0.         0.00833102 0.01665741 ... 4.98052351 4.97775733 4.97499267] mV,55.76227261 uV,60.0,0.05576227261237625
15.0,5,5.0,4.0,"[ 0.          0.04165509  0.08328705 ... 24.90261757 24.88878663
 24.87496336] mV",278.81136306 uV,60.0,0.27881136306179277
15.0,10,5.0,4.0,"[ 0.          0.08331019  0.16657411 ... 49.80523514 49.77757325
 49.74992672] mV",0.55762273 mV,60.0,0.5576227261235855
15.0,1,5.0,5.0,[0.         0.00666519 0.01332741 ... 4.9842095  4.98199479 4.97978106] mV,45.88615281 uV,75.0,0.0458861528067336
15.0,5,5.0,5.0,"[ 0.          0.03332593  0.06663705 ... 24.92104752 24.90997396
 24.89890532] mV",229.43076403 uV,75.0,0.22943076403381807
15.0,10,5.0,5.0,"[ 0.          0.06665185  0.13327409 ... 49.84209504 49.81994792
 49.79781065] mV",0.45886153 mV,75.0,0.45886152806763614
